"Log entries created from user input","Building log entries from user-controlled sources is vulnerable to insertion of forged log entries by a malicious user.","error","This log entry depends on a [[""user-provided value""|""relative:///Ribosoft/Controllers/AssembliesController.cs:126:65:126:74""]].
This log entry depends on a [[""user-provided value""|""relative:///Ribosoft/Controllers/AssembliesController.cs:156:90:156:96""]].","/NCBI.Datasets.API/NCBIDatasetsClient.cs","139","77","139","86"
"Log entries created from user input","Building log entries from user-controlled sources is vulnerable to insertion of forged log entries by a malicious user.","error","This log entry depends on a [[""user-provided value""|""relative:///Ribosoft/Controllers/AssembliesController.cs:126:65:126:74""]].","/Ribosoft/Controllers/AssembliesController.cs","143","96","143","105"
"Log entries created from user input","Building log entries from user-controlled sources is vulnerable to insertion of forged log entries by a malicious user.","error","This log entry depends on a [[""user-provided value""|""relative:///Ribosoft/Controllers/AssembliesController.cs:126:65:126:74""]].","/Ribosoft/Controllers/AssembliesController.cs","130","111","130","120"
"Log entries created from user input","Building log entries from user-controlled sources is vulnerable to insertion of forged log entries by a malicious user.","error","This log entry depends on a [[""user-provided value""|""relative:///Ribosoft/Controllers/AssembliesController.cs:156:90:156:96""]].","/Ribosoft/Controllers/AssembliesController.cs","176","86","176","103"
"Log entries created from user input","Building log entries from user-controlled sources is vulnerable to insertion of forged log entries by a malicious user.","error","This log entry depends on a [[""user-provided value""|""relative:///Ribosoft/Controllers/AssembliesController.cs:156:90:156:96""]].","/Ribosoft/Controllers/AssembliesController.cs","161","21","161","38"
"Log entries created from user input","Building log entries from user-controlled sources is vulnerable to insertion of forged log entries by a malicious user.","error","This log entry depends on a [[""user-provided value""|""relative:///Ribosoft/Controllers/AssembliesController.cs:126:65:126:74""]].
This log entry depends on a [[""user-provided value""|""relative:///Ribosoft/Controllers/AssembliesController.cs:156:90:156:96""]].","/Ribosoft/Services/DatasetDownloadService.cs","70","124","70","133"
"Log entries created from user input","Building log entries from user-controlled sources is vulnerable to insertion of forged log entries by a malicious user.","error","This log entry depends on a [[""user-provided value""|""relative:///Ribosoft/Controllers/AssembliesController.cs:126:65:126:74""]].
This log entry depends on a [[""user-provided value""|""relative:///Ribosoft/Controllers/AssembliesController.cs:156:90:156:96""]].","/Ribosoft/Services/DatasetDownloadService.cs","90","83","90","92"
"Log entries created from user input","Building log entries from user-controlled sources is vulnerable to insertion of forged log entries by a malicious user.","error","This log entry depends on a [[""user-provided value""|""relative:///Ribosoft/Controllers/AssembliesController.cs:126:65:126:74""]].
This log entry depends on a [[""user-provided value""|""relative:///Ribosoft/Controllers/AssembliesController.cs:156:90:156:96""]].","/Ribosoft/Services/DatasetDownloadService.cs","96","29","96","38"
"Log entries created from user input","Building log entries from user-controlled sources is vulnerable to insertion of forged log entries by a malicious user.","error","This log entry depends on a [[""user-provided value""|""relative:///Ribosoft/Controllers/AssembliesController.cs:126:65:126:74""]].
This log entry depends on a [[""user-provided value""|""relative:///Ribosoft/Controllers/AssembliesController.cs:156:90:156:96""]].","/Ribosoft/Services/DatasetDownloadService.cs","102","99","102","108"
"Arbitrary file access during archive extraction (""Zip Slip"")","Extracting files from a malicious ZIP file, or similar type of archive, without validating that the destination file path is within the destination directory can allow an attacker to unexpectedly gain access to resources.","error","Unsanitized archive entry, which may contain '..', is used in a [[""file system operation""|""relative:///Ribosoft/Jobs/CreateBlastDatabaseJob.cs:277:45:277:59""]].","/Ribosoft/Jobs/CreateBlastDatabaseJob.cs","269","73","269","86"
"Complex condition","Boolean expressions should not be too deeply nested. Naming intermediate results as local variables will make the logic easier to read and understand.","recommendation","Complex condition: too many logical operations in this expression.","/Ribosoft/CandidateGeneration/CandidateGeneration.cs","861","21","863","46"
"Use of default ToString()","Calling the default implementation of 'ToString' returns a value that is unlikely to be what you expect.","warning","Default 'ToString()': [[""BlastParameters""|""relative:///Ribosoft/Blast/BlastParameters.cs:7:18:7:32""]] inherits 'ToString()' from 'Object', and so is not suitable for printing.","/Ribosoft/Blast/Blaster.cs","380","24","380","38"
"Use of default ToString()","Calling the default implementation of 'ToString' returns a value that is unlikely to be what you expect.","warning","Default 'ToString()': [[""BlastParameters""|""relative:///Ribosoft/Blast/BlastParameters.cs:7:18:7:32""]] inherits 'ToString()' from 'Object', and so is not suitable for printing.","/Ribosoft/Blast/Blaster.cs","395","33","395","42"
"Use of default ToString()","Calling the default implementation of 'ToString' returns a value that is unlikely to be what you expect.","warning","Default 'ToString()': [[""BlastParameters""|""relative:///Ribosoft/Blast/BlastParameters.cs:7:18:7:32""]] inherits 'ToString()' from 'Object', and so is not suitable for printing.","/Ribosoft/Jobs/GenerateCandidates.cs","700","39","700","53"
"Redundant ToString() call","Explicit calls to `ToString()` can be removed when the call appears in a context where an implicit conversion exists.","recommendation","Redundant call to 'ToString' on a String object.","/Ribosoft/Controllers/JobsController.cs","892","87","892","101"
"Redundant ToString() call","Explicit calls to `ToString()` can be removed when the call appears in a context where an implicit conversion exists.","recommendation","Redundant call to 'ToString' on a String object.","/Ribosoft/Controllers/JobsController.cs","907","87","907","101"
"Redundant ToString() call","Explicit calls to `ToString()` can be removed when the call appears in a context where an implicit conversion exists.","recommendation","Redundant call to 'ToString' on a String object.","/Ribosoft/Controllers/JobsController.cs","921","87","921","101"
"Redundant ToString() call","Explicit calls to `ToString()` can be removed when the call appears in a context where an implicit conversion exists.","recommendation","Redundant call to 'ToString' on a String object.","/Ribosoft/Extensions/HtmlHelperExtensions.cs","97","23","97","48"
"Equality check on floating point values","Comparing results of floating-point computations with '==' or '!=' is likely to yield surprising results since floating-point computation does not follow the standard rules of algebra.","warning","Equality checks on floating point values can yield unexpected results.","/Ribosoft/MultiObjectiveOptimization/MultiObjectiveOptimization.cs","235","25","235","42"
"Missed opportunity to use Where","The intent of a foreach loop that implicitly filters its target sequence can often be better expressed using LINQ's 'Where' method.","recommendation","This foreach loop [[""implicitly filters its target sequence""|""relative:///Ribosoft/CandidateGeneration/CandidateGeneration.cs:535:33:535:60""]] - consider filtering the sequence explicitly using '.Where(...)'.","/Ribosoft/CandidateGeneration/CandidateGeneration.cs","533","25","541","25"
"Missed opportunity to use Where","The intent of a foreach loop that implicitly filters its target sequence can often be better expressed using LINQ's 'Where' method.","recommendation","This foreach loop [[""implicitly filters its target sequence""|""relative:///Ribosoft/CandidateGeneration/CandidateGeneration.cs:711:21:711:50""]] - consider filtering the sequence explicitly using '.Where(...)'.","/Ribosoft/CandidateGeneration/CandidateGeneration.cs","709","13","755","13"
"Missed opportunity to use Where","The intent of a foreach loop that implicitly filters its target sequence can often be better expressed using LINQ's 'Where' method.","recommendation","This foreach loop [[""implicitly filters its target sequence""|""relative:///Ribosoft/CandidateGeneration/CandidateGeneration.cs:811:33:811:52""]] - consider filtering the sequence explicitly using '.Where(...)'.","/Ribosoft/CandidateGeneration/CandidateGeneration.cs","809","25","824","25"
"Missed opportunity to use Where","The intent of a foreach loop that implicitly filters its target sequence can often be better expressed using LINQ's 'Where' method.","recommendation","This foreach loop [[""implicitly filters its target sequence""|""relative:///Ribosoft/Controllers/JobsController.cs:892:29:892:102""]] - consider filtering the sequence explicitly using '.Where(...)'.","/Ribosoft/Controllers/JobsController.cs","890","21","896","21"
"Missed opportunity to use Where","The intent of a foreach loop that implicitly filters its target sequence can often be better expressed using LINQ's 'Where' method.","recommendation","This foreach loop [[""implicitly filters its target sequence""|""relative:///Ribosoft/Controllers/JobsController.cs:907:29:907:102""]] - consider filtering the sequence explicitly using '.Where(...)'.","/Ribosoft/Controllers/JobsController.cs","905","21","911","21"
"Missed opportunity to use Where","The intent of a foreach loop that implicitly filters its target sequence can often be better expressed using LINQ's 'Where' method.","recommendation","This foreach loop [[""implicitly filters its target sequence""|""relative:///Ribosoft/Controllers/JobsController.cs:921:29:921:102""]] - consider filtering the sequence explicitly using '.Where(...)'.","/Ribosoft/Controllers/JobsController.cs","919","21","925","21"
"Missed opportunity to use Where","The intent of a foreach loop that implicitly filters its target sequence can often be better expressed using LINQ's 'Where' method.","recommendation","This foreach loop [[""implicitly filters its target sequence""|""relative:///Ribosoft/Extensions/HtmlHelperExtensions.cs:75:21:76:96""]] - consider filtering the sequence explicitly using '.Where(...)'.","/Ribosoft/Extensions/HtmlHelperExtensions.cs","73","13","80","13"
"Missed opportunity to use Where","The intent of a foreach loop that implicitly filters its target sequence can often be better expressed using LINQ's 'Where' method.","recommendation","This foreach loop [[""implicitly filters its target sequence""|""relative:///Ribosoft/Program.cs:59:25:59:49""]] - consider filtering the sequence explicitly using '.Where(...)'.","/Ribosoft/Program.cs","57","17","63","17"
"Missed opportunity to use Where","The intent of a foreach loop that implicitly filters its target sequence can often be better expressed using LINQ's 'Where' method.","recommendation","This foreach loop [[""implicitly filters its target sequence""|""relative:///Ribosoft/Program.cs:67:25:67:68""]] - consider filtering the sequence explicitly using '.Where(...)'.","/Ribosoft/Program.cs","65","17","71","17"
"Missed opportunity to use Where","The intent of a foreach loop that implicitly filters its target sequence can often be better expressed using LINQ's 'Where' method.","recommendation","This foreach loop [[""implicitly filters its target sequence""|""relative:///Ribosoft/ValidationAttributes/RepeatNotationsAttribute.cs:46:21:46:48""]] - consider filtering the sequence explicitly using '.Where(...)'.","/Ribosoft/ValidationAttributes/RepeatNotationsAttribute.cs","44","13","50","13"
"Missed opportunity to use Where","The intent of a foreach loop that implicitly filters its target sequence can often be better expressed using LINQ's 'Where' method.","recommendation","This foreach loop [[""implicitly filters its target sequence""|""relative:///Ribosoft/ValidationAttributes/ValidateRibozymeStructureAttribute.cs:101:20:101:55""]] - consider filtering the sequence explicitly using '.Where(...)'.","/Ribosoft/ValidationAttributes/ValidateRibozymeStructureAttribute.cs","99","13","105","13"
"Missed opportunity to use Where","The intent of a foreach loop that implicitly filters its target sequence can often be better expressed using LINQ's 'Where' method.","recommendation","This foreach loop [[""implicitly filters its target sequence""|""relative:///RibosoftAlgo.Tests/CppTestWrapper.cs:72:21:72:80""]] - consider filtering the sequence explicitly using '.Where(...)'.","/RibosoftAlgo.Tests/CppTestWrapper.cs","70","13","76","13"
"Missed opportunity to use Select","The intent of a foreach loop that immediately maps its iteration variable to another variable and then never uses the iteration variable again can often be better expressed using LINQ's 'Select' method.","recommendation","This foreach loop immediately [[""maps its iteration variable to another variable""|""relative:///Ribosoft/CandidateGeneration/CandidateGeneration.cs:716:21:716:74""]] - consider mapping the sequence explicitly using '.Select(...)'.","/Ribosoft/CandidateGeneration/CandidateGeneration.cs","714","17","754","17"
"Missed opportunity to use Select","The intent of a foreach loop that immediately maps its iteration variable to another variable and then never uses the iteration variable again can often be better expressed using LINQ's 'Select' method.","recommendation","This foreach loop immediately [[""maps its iteration variable to another variable""|""relative:///Ribosoft/Controllers/AdminController.cs:307:25:307:76""]] - consider mapping the sequence explicitly using '.Select(...)'.","/Ribosoft/Controllers/AdminController.cs","305","21","312","21"
"Missed opportunity to use Select","The intent of a foreach loop that immediately maps its iteration variable to another variable and then never uses the iteration variable again can often be better expressed using LINQ's 'Select' method.","recommendation","This foreach loop immediately [[""maps its iteration variable to another variable""|""relative:///Ribosoft/Controllers/RibozymesController.cs:102:21:111:22""]] - consider mapping the sequence explicitly using '.Select(...)'.","/Ribosoft/Controllers/RibozymesController.cs","100","17","115","17"
"Missed opportunity to use Select","The intent of a foreach loop that immediately maps its iteration variable to another variable and then never uses the iteration variable again can often be better expressed using LINQ's 'Select' method.","recommendation","This foreach loop immediately [[""maps its iteration variable to another variable""|""relative:///Ribosoft/Jobs/GenerateCandidates.cs:704:17:704:46""]] - consider mapping the sequence explicitly using '.Select(...)'.","/Ribosoft/Jobs/GenerateCandidates.cs","702","13","713","13"
"Unmanaged code","Finds ""extern"" methods, implemented by unmanaged code.","recommendation","Minimise the use of unmanaged code.","/Ribosoft/RibosoftAlgo/RibosoftAlgo.cs","39","40","39","56"
"Unmanaged code","Finds ""extern"" methods, implemented by unmanaged code.","recommendation","Minimise the use of unmanaged code.","/Ribosoft/RibosoftAlgo/RibosoftAlgo.cs","47","40","47","57"
"Unmanaged code","Finds ""extern"" methods, implemented by unmanaged code.","recommendation","Minimise the use of unmanaged code.","/Ribosoft/RibosoftAlgo/RibosoftAlgo.cs","60","40","60","52"
"Unmanaged code","Finds ""extern"" methods, implemented by unmanaged code.","recommendation","Minimise the use of unmanaged code.","/Ribosoft/RibosoftAlgo/RibosoftAlgo.cs","73","40","73","45"
"Unmanaged code","Finds ""extern"" methods, implemented by unmanaged code.","recommendation","Minimise the use of unmanaged code.","/Ribosoft/RibosoftAlgo/RibosoftAlgo.cs","83","40","83","43"
"Unmanaged code","Finds ""extern"" methods, implemented by unmanaged code.","recommendation","Minimise the use of unmanaged code.","/Ribosoft/RibosoftAlgo/RibosoftAlgo.cs","91","36","91","51"
"Unmanaged code","Finds ""extern"" methods, implemented by unmanaged code.","recommendation","Minimise the use of unmanaged code.","/Ribosoft/RibosoftAlgo/RibosoftAlgo.cs","100","40","100","55"
"Unmanaged code","Finds ""extern"" methods, implemented by unmanaged code.","recommendation","Minimise the use of unmanaged code.","/Ribosoft/RibosoftAlgo/RibosoftAlgo.cs","107","36","107","56"
"Unmanaged code","Finds ""extern"" methods, implemented by unmanaged code.","recommendation","Minimise the use of unmanaged code.","/Ribosoft/RibosoftAlgo/RibosoftAlgo.cs","117","40","117","48"
"Call to System.IO.Path.Combine","Finds calls to System.IO.Path's Combine method","recommendation","Call to 'System.IO.Path.Combine'.","/Ribosoft/Controllers/AssembliesController.cs","97","37","97","83"
"Call to System.IO.Path.Combine","Finds calls to System.IO.Path's Combine method","recommendation","Call to 'System.IO.Path.Combine'.","/Ribosoft/Controllers/AssembliesController.cs","617","24","617","63"
"Call to System.IO.Path.Combine","Finds calls to System.IO.Path's Combine method","recommendation","Call to 'System.IO.Path.Combine'.","/Ribosoft/Controllers/AssembliesController.cs","93","38","93","100"
"Call to System.IO.Path.Combine","Finds calls to System.IO.Path's Combine method","recommendation","Call to 'System.IO.Path.Combine'.","/Ribosoft/Jobs/CreateBlastDatabaseJob.cs","145","70","145","116"
"Call to System.IO.Path.Combine","Finds calls to System.IO.Path's Combine method","recommendation","Call to 'System.IO.Path.Combine'.","/Ribosoft/Jobs/CreateBlastDatabaseJob.cs","185","40","185","86"
"Call to System.IO.Path.Combine","Finds calls to System.IO.Path's Combine method","recommendation","Call to 'System.IO.Path.Combine'.","/Ribosoft/Jobs/CreateBlastDatabaseJob.cs","241","31","243","69"
"Call to System.IO.Path.Combine","Finds calls to System.IO.Path's Combine method","recommendation","Call to 'System.IO.Path.Combine'.","/Ribosoft/Jobs/CreateBlastDatabaseJob.cs","355","35","355","72"
"Call to System.IO.Path.Combine","Finds calls to System.IO.Path's Combine method","recommendation","Call to 'System.IO.Path.Combine'.","/Ribosoft/Jobs/CreateBlastDatabaseJob.cs","358","26","358","62"
"Call to System.IO.Path.Combine","Finds calls to System.IO.Path's Combine method","recommendation","Call to 'System.IO.Path.Combine'.","/Ribosoft/Jobs/CreateBlastDatabaseJob.cs","486","24","486","63"
"Call to System.IO.Path.Combine","Finds calls to System.IO.Path's Combine method","recommendation","Call to 'System.IO.Path.Combine'.","/Ribosoft/Jobs/CreateBlastDatabaseJob.cs","519","32","519","78"
"Call to System.IO.Path.Combine","Finds calls to System.IO.Path's Combine method","recommendation","Call to 'System.IO.Path.Combine'.","/Ribosoft/Jobs/CreateBlastDatabaseJob.cs","82","34","82","96"
"Call to System.IO.Path.Combine","Finds calls to System.IO.Path's Combine method","recommendation","Call to 'System.IO.Path.Combine'.","/Ribosoft/Jobs/CreateBlastDatabaseJob.cs","269","47","269","87"
"Call to System.IO.Path.Combine","Finds calls to System.IO.Path's Combine method","recommendation","Call to 'System.IO.Path.Combine'.","/Ribosoft/Jobs/DatasetDownloadJob.cs","277","32","277","87"
"Call to System.IO.Path.Combine","Finds calls to System.IO.Path's Combine method","recommendation","Call to 'System.IO.Path.Combine'.","/Ribosoft/Jobs/DatasetDownloadJob.cs","314","28","314","74"
"Call to System.IO.Path.Combine","Finds calls to System.IO.Path's Combine method","recommendation","Call to 'System.IO.Path.Combine'.","/Ribosoft/Jobs/DatasetDownloadJob.cs","334","24","334","63"
"Call to System.IO.Path.Combine","Finds calls to System.IO.Path's Combine method","recommendation","Call to 'System.IO.Path.Combine'.","/Ribosoft/Jobs/DatasetDownloadJob.cs","386","32","386","98"
"Call to System.IO.Path.Combine","Finds calls to System.IO.Path's Combine method","recommendation","Call to 'System.IO.Path.Combine'.","/Ribosoft/Jobs/DatasetDownloadJob.cs","233","30","233","99"
"Call to System.IO.Path.Combine","Finds calls to System.IO.Path's Combine method","recommendation","Call to 'System.IO.Path.Combine'.","/Ribosoft/Jobs/DatasetDownloadJob.cs","407","34","407","103"
"Call to System.IO.Path.Combine","Finds calls to System.IO.Path's Combine method","recommendation","Call to 'System.IO.Path.Combine'.","/Ribosoft/Jobs/DatasetDownloadJob.cs","350","34","350","103"
"Call to System.IO.Path.Combine","Finds calls to System.IO.Path's Combine method","recommendation","Call to 'System.IO.Path.Combine'.","/Ribosoft/Program.cs","283","30","283","99"
"Call to System.IO.Path.Combine","Finds calls to System.IO.Path's Combine method","recommendation","Call to 'System.IO.Path.Combine'.","/RibosoftAlgo.Tests/CppTestWrapper.cs","101","31","101","91"
"Call to System.IO.Path.Combine","Finds calls to System.IO.Path's Combine method","recommendation","Call to 'System.IO.Path.Combine'.","/RibosoftAlgo.Tests/CppTestWrapper.cs","103","16","103","51"
"Calls to unmanaged code","Finds calls to ""extern"" methods (which are implemented by unmanaged code).","recommendation","Replace this call with a call to managed code if possible.","/Ribosoft/RibosoftAlgo/RibosoftAlgo.cs","133","20","133","46"
"Calls to unmanaged code","Finds calls to ""extern"" methods (which are implemented by unmanaged code).","recommendation","Replace this call with a call to managed code if possible.","/Ribosoft/RibosoftAlgo/RibosoftAlgo.cs","143","20","143","48"
"Calls to unmanaged code","Finds calls to ""extern"" methods (which are implemented by unmanaged code).","recommendation","Replace this call with a call to managed code if possible.","/Ribosoft/RibosoftAlgo/RibosoftAlgo.cs","161","31","161","184"
"Calls to unmanaged code","Finds calls to ""extern"" methods (which are implemented by unmanaged code).","recommendation","Replace this call with a call to managed code if possible.","/Ribosoft/RibosoftAlgo/RibosoftAlgo.cs","185","31","185","129"
"Calls to unmanaged code","Finds calls to ""extern"" methods (which are implemented by unmanaged code).","recommendation","Replace this call with a call to managed code if possible.","/Ribosoft/RibosoftAlgo/RibosoftAlgo.cs","204","31","204","80"
"Calls to unmanaged code","Finds calls to ""extern"" methods (which are implemented by unmanaged code).","recommendation","Replace this call with a call to managed code if possible.","/Ribosoft/RibosoftAlgo/RibosoftAlgo.cs","220","13","220","45"
"Calls to unmanaged code","Finds calls to ""extern"" methods (which are implemented by unmanaged code).","recommendation","Replace this call with a call to managed code if possible.","/Ribosoft/RibosoftAlgo/RibosoftAlgo.cs","232","31","232","78"
"Calls to unmanaged code","Finds calls to ""extern"" methods (which are implemented by unmanaged code).","recommendation","Replace this call with a call to managed code if possible.","/Ribosoft/RibosoftAlgo/RibosoftAlgo.cs","240","13","240","44"
"Calls to unmanaged code","Finds calls to ""extern"" methods (which are implemented by unmanaged code).","recommendation","Replace this call with a call to managed code if possible.","/Ribosoft/RibosoftAlgo/RibosoftAlgo.cs","268","39","268","101"
"Virtual call in constructor or destructor","Finds virtual calls or accesses in a constructor or destructor","warning","Avoid virtual calls in a constructor or destructor.","/Ribosoft/Models/Assembly.cs","87","13","87","16"
"Virtual call in constructor or destructor","Finds virtual calls or accesses in a constructor or destructor","warning","Avoid virtual calls in a constructor or destructor.","/Ribosoft/Models/Job.cs","66","13","66","24"
"Virtual call in constructor or destructor","Finds virtual calls or accesses in a constructor or destructor","warning","Avoid virtual calls in a constructor or destructor.","/Ribosoft/Models/Ribozyme.cs","19","13","19","35"
"Local scope variable shadows member","A local scope variable that shadows a member with the same name can be confusing, and can result in logic errors.","recommendation","Local scope variable 'RNAStructure' shadows [[""GenerateCandidates.RNAStructure""|""relative:///Ribosoft/Jobs/GenerateCandidates.cs:72:24:72:35""]].","/Ribosoft/Jobs/GenerateCandidates.cs","549","115","549","126"
"Local scope variable shadows member","A local scope variable that shadows a member with the same name can be confusing, and can result in logic errors.","recommendation","Local scope variable 'param' shadows [[""Filter.param""|""relative:///Ribosoft/Models/JobsViewModels/JobDetailsViewModel.cs:22:27:22:31""]].","/Ribosoft/Models/JobsViewModels/JobDetailsViewModel.cs","52","44","52","48"
"String concatenation in loop","Finds code that performs string concatenation in a loop using the + operator.","recommendation","String concatenation in loop: use 'StringBuilder'.","/Ribosoft/Controllers/JobsController.cs","118","17","118","48"
"String concatenation in loop","Finds code that performs string concatenation in a loop using the + operator.","recommendation","String concatenation in loop: use 'StringBuilder'.","/Ribosoft/Controllers/JobsController.cs","894","29","894","242"
"String concatenation in loop","Finds code that performs string concatenation in a loop using the + operator.","recommendation","String concatenation in loop: use 'StringBuilder'.","/Ribosoft/Controllers/JobsController.cs","923","29","923","373"
"String concatenation in loop","Finds code that performs string concatenation in a loop using the + operator.","recommendation","String concatenation in loop: use 'StringBuilder'.","/Ribosoft/ValidationAttributes/ValidateRibozymeStructureAttribute.cs","139","21","139","54"
"String concatenation in loop","Finds code that performs string concatenation in a loop using the + operator.","recommendation","String concatenation in loop: use 'StringBuilder'.","/Ribosoft/ValidationAttributes/ValidateRibozymeStructureAttribute.cs","150","21","150","55"
"Inefficient use of ContainsKey","Testing whether a dictionary contains a value before getting it is inefficient and redundant. Use 'TryGetValue' to combine these two steps.","recommendation","Inefficient use of 'ContainsKey' and [[""indexer""|""relative:///Ribosoft/Blast/Blaster.cs:115:36:115:71""]].","/Ribosoft/Blast/Blaster.cs","113","21","113","68"
"Inefficient use of ContainsKey","Testing whether a dictionary contains a value before getting it is inefficient and redundant. Use 'TryGetValue' to combine these two steps.","recommendation","Inefficient use of 'ContainsKey' and [[""indexer""|""relative:///Ribosoft/Extensions/HtmlHelperExtensions.cs:76:21:76:64""]].","/Ribosoft/Extensions/HtmlHelperExtensions.cs","75","22","75","77"
"Inefficient use of ContainsKey","Testing whether a dictionary contains a value before getting it is inefficient and redundant. Use 'TryGetValue' to combine these two steps.","recommendation","Inefficient use of 'ContainsKey' and [[""indexer""|""relative:///Ribosoft/Jobs/UpdateAssemblyDatabase.cs:67:36:67:73""]].","/Ribosoft/Jobs/UpdateAssemblyDatabase.cs","64","21","64","70"
"Inefficient use of ContainsKey","Testing whether a dictionary contains a value before getting it is inefficient and redundant. Use 'TryGetValue' to combine these two steps.","recommendation","Inefficient use of 'ContainsKey' and [[""indexer""|""relative:///Ribosoft/Services/DatasetDownloadService.cs:300:29:300:64""]].","/Ribosoft/Services/DatasetDownloadService.cs","299","54","299","101"
"Inefficient use of ContainsKey","Testing whether a dictionary contains a value before getting it is inefficient and redundant. Use 'TryGetValue' to combine these two steps.","recommendation","Inefficient use of 'ContainsKey' and [[""indexer""|""relative:///Ribosoft/Views/Admin/Logs.cshtml:227:88:227:114""]].
Inefficient use of 'ContainsKey' and [[""indexer""|""relative:///Ribosoft/Views/Admin/Logs.cshtml:225:97:225:123""]].","/Ribosoft/Views/Admin/Logs.cshtml","225","54","225","92"
"Inefficient use of ContainsKey","Testing whether a dictionary contains a value before getting it is inefficient and redundant. Use 'TryGetValue' to combine these two steps.","recommendation","Inefficient use of 'ContainsKey' and [[""indexer""|""relative:///Ribosoft/Views/Admin/Logs.cshtml:282:88:282:117""]].
Inefficient use of 'ContainsKey' and [[""indexer""|""relative:///Ribosoft/Views/Admin/Logs.cshtml:280:100:280:129""]].","/Ribosoft/Views/Admin/Logs.cshtml","280","54","280","95"
"Inefficient use of ContainsKey","Testing whether a dictionary contains a value before getting it is inefficient and redundant. Use 'TryGetValue' to combine these two steps.","recommendation","Inefficient use of 'ContainsKey' and [[""indexer""|""relative:///Ribosoft/Views/Assemblies/BrowseDatasets.cshtml:49:18:49:34""]].","/Ribosoft/Views/Assemblies/BrowseDatasets.cshtml","45","14","45","42"
"Inefficient use of ContainsKey","Testing whether a dictionary contains a value before getting it is inefficient and redundant. Use 'TryGetValue' to combine these two steps.","recommendation","Inefficient use of 'ContainsKey' and [[""indexer""|""relative:///Ribosoft/Views/Assemblies/BrowseDatasets.cshtml:58:18:58:34""]].","/Ribosoft/Views/Assemblies/BrowseDatasets.cshtml","54","14","54","42"
"Inefficient use of ContainsKey","Testing whether a dictionary contains a value before getting it is inefficient and redundant. Use 'TryGetValue' to combine these two steps.","recommendation","Inefficient use of 'ContainsKey' and [[""indexer""|""relative:///Ribosoft/Views/Assemblies/Downloads.cshtml:50:18:50:36""]].","/Ribosoft/Views/Assemblies/Downloads.cshtml","46","14","46","44"
"Inefficient use of ContainsKey","Testing whether a dictionary contains a value before getting it is inefficient and redundant. Use 'TryGetValue' to combine these two steps.","recommendation","Inefficient use of 'ContainsKey' and [[""indexer""|""relative:///Ribosoft/Views/Assemblies/Downloads.cshtml:59:18:59:34""]].","/Ribosoft/Views/Assemblies/Downloads.cshtml","55","14","55","42"
"Inefficient use of ContainsKey","Testing whether a dictionary contains a value before getting it is inefficient and redundant. Use 'TryGetValue' to combine these two steps.","recommendation","Inefficient use of 'ContainsKey' and [[""indexer""|""relative:///Ribosoft/Views/Assemblies/Index.cshtml:50:14:50:30""]].","/Ribosoft/Views/Assemblies/Index.cshtml","46","10","46","38"
"Invalid string formatting","Calling 'string.Format()' with either an invalid format string or incorrect number of arguments may result in dropped arguments or a 'System.FormatException'.","error","The [[""format string""|""relative:///Ribosoft/ValidationAttributes/OpenReadingFrameStartAttribute.cs:24:29:24:62""]] ignores [[""this supplied value""|""relative:///Ribosoft/ValidationAttributes/OpenReadingFrameStartAttribute.cs:46:77:46:80""]].","/Ribosoft/ValidationAttributes/OpenReadingFrameStartAttribute.cs","46","20","46","81"
"Invalid string formatting","Calling 'string.Format()' with either an invalid format string or incorrect number of arguments may result in dropped arguments or a 'System.FormatException'.","error","The [[""format string""|""relative:///Ribosoft/ValidationAttributes/UniqueAlphaNumericStructureAttribute.cs:32:29:32:85""]] ignores [[""this supplied value""|""relative:///Ribosoft/ValidationAttributes/UniqueAlphaNumericStructureAttribute.cs:78:77:78:80""]].","/Ribosoft/ValidationAttributes/UniqueAlphaNumericStructureAttribute.cs","78","20","78","81"
"Invalid string formatting","Calling 'string.Format()' with either an invalid format string or incorrect number of arguments may result in dropped arguments or a 'System.FormatException'.","error","The [[""format string""|""relative:///Ribosoft/ValidationAttributes/ValidStructureAttribute.cs:29:29:29:119""]] ignores [[""this supplied value""|""relative:///Ribosoft/ValidationAttributes/ValidStructureAttribute.cs:107:77:107:80""]].","/Ribosoft/ValidationAttributes/ValidStructureAttribute.cs","107","20","107","81"
"Invalid string formatting","Calling 'string.Format()' with either an invalid format string or incorrect number of arguments may result in dropped arguments or a 'System.FormatException'.","error","The [[""format string""|""relative:///Ribosoft/ValidationAttributes/ValidateRequestAttribute.cs:30:29:30:117""]] ignores [[""this supplied value""|""relative:///Ribosoft/ValidationAttributes/ValidateRequestAttribute.cs:66:77:66:80""]].","/Ribosoft/ValidationAttributes/ValidateRequestAttribute.cs","66","20","66","81"
"Invalid string formatting","Calling 'string.Format()' with either an invalid format string or incorrect number of arguments may result in dropped arguments or a 'System.FormatException'.","error","The [[""format string""|""relative:///Ribosoft/ValidationAttributes/ValidateRibozymeStructureAttribute.cs:32:29:32:98""]] ignores [[""this supplied value""|""relative:///Ribosoft/ValidationAttributes/ValidateRibozymeStructureAttribute.cs:117:77:117:80""]].","/Ribosoft/ValidationAttributes/ValidateRibozymeStructureAttribute.cs","117","20","117","81"
"Call to obsolete method","Calls to methods marked as [Obsolete] should be replaced because the method is no longer maintained and may be removed in the future.","warning","Call to obsolete method [[""HasName""|""file:///home/thomas/.nuget/packages/microsoft.entityframeworkcore.relational/8.0.0/lib/net8.0/Microsoft.EntityFrameworkCore.Relational.dll:0:0:0:0""]].","/Ribosoft/Data/Migrations/NpgsqlMigrations/20180113103115_InitialCreate.Designer.cs","42","21","44","49"
"Call to obsolete method","Calls to methods marked as [Obsolete] should be replaced because the method is no longer maintained and may be removed in the future.","warning","Call to obsolete method [[""HasName""|""file:///home/thomas/.nuget/packages/microsoft.entityframeworkcore.relational/8.0.0/lib/net8.0/Microsoft.EntityFrameworkCore.Relational.dll:0:0:0:0""]].","/Ribosoft/Data/Migrations/NpgsqlMigrations/20180113103115_InitialCreate.Designer.cs","173","21","174","46"
"Call to obsolete method","Calls to methods marked as [Obsolete] should be replaced because the method is no longer maintained and may be removed in the future.","warning","Call to obsolete method [[""HasName""|""file:///home/thomas/.nuget/packages/microsoft.entityframeworkcore.relational/8.0.0/lib/net8.0/Microsoft.EntityFrameworkCore.Relational.dll:0:0:0:0""]].","/Ribosoft/Data/Migrations/NpgsqlMigrations/20180113103115_InitialCreate.Designer.cs","176","21","178","49"
"Call to obsolete method","Calls to methods marked as [Obsolete] should be replaced because the method is no longer maintained and may be removed in the future.","warning","Call to obsolete method [[""HasName""|""file:///home/thomas/.nuget/packages/microsoft.entityframeworkcore.relational/8.0.0/lib/net8.0/Microsoft.EntityFrameworkCore.Relational.dll:0:0:0:0""]].","/Ribosoft/Data/Migrations/NpgsqlMigrations/20180114011434_AddJobParams.Designer.cs","42","21","44","49"
"Call to obsolete method","Calls to methods marked as [Obsolete] should be replaced because the method is no longer maintained and may be removed in the future.","warning","Call to obsolete method [[""HasName""|""file:///home/thomas/.nuget/packages/microsoft.entityframeworkcore.relational/8.0.0/lib/net8.0/Microsoft.EntityFrameworkCore.Relational.dll:0:0:0:0""]].","/Ribosoft/Data/Migrations/NpgsqlMigrations/20180114011434_AddJobParams.Designer.cs","173","21","174","46"
"Call to obsolete method","Calls to methods marked as [Obsolete] should be replaced because the method is no longer maintained and may be removed in the future.","warning","Call to obsolete method [[""HasName""|""file:///home/thomas/.nuget/packages/microsoft.entityframeworkcore.relational/8.0.0/lib/net8.0/Microsoft.EntityFrameworkCore.Relational.dll:0:0:0:0""]].","/Ribosoft/Data/Migrations/NpgsqlMigrations/20180114011434_AddJobParams.Designer.cs","176","21","178","49"
"Call to obsolete method","Calls to methods marked as [Obsolete] should be replaced because the method is no longer maintained and may be removed in the future.","warning","Call to obsolete method [[""HasName""|""file:///home/thomas/.nuget/packages/microsoft.entityframeworkcore.relational/8.0.0/lib/net8.0/Microsoft.EntityFrameworkCore.Relational.dll:0:0:0:0""]].","/Ribosoft/Data/Migrations/NpgsqlMigrations/20180219212443_TargetRegions.Designer.cs","42","21","44","49"
"Call to obsolete method","Calls to methods marked as [Obsolete] should be replaced because the method is no longer maintained and may be removed in the future.","warning","Call to obsolete method [[""HasName""|""file:///home/thomas/.nuget/packages/microsoft.entityframeworkcore.relational/8.0.0/lib/net8.0/Microsoft.EntityFrameworkCore.Relational.dll:0:0:0:0""]].","/Ribosoft/Data/Migrations/NpgsqlMigrations/20180219212443_TargetRegions.Designer.cs","173","21","174","46"
"Call to obsolete method","Calls to methods marked as [Obsolete] should be replaced because the method is no longer maintained and may be removed in the future.","warning","Call to obsolete method [[""HasName""|""file:///home/thomas/.nuget/packages/microsoft.entityframeworkcore.relational/8.0.0/lib/net8.0/Microsoft.EntityFrameworkCore.Relational.dll:0:0:0:0""]].","/Ribosoft/Data/Migrations/NpgsqlMigrations/20180219212443_TargetRegions.Designer.cs","176","21","178","49"
"Call to obsolete method","Calls to methods marked as [Obsolete] should be replaced because the method is no longer maintained and may be removed in the future.","warning","Call to obsolete method [[""HasName""|""file:///home/thomas/.nuget/packages/microsoft.entityframeworkcore.relational/8.0.0/lib/net8.0/Microsoft.EntityFrameworkCore.Relational.dll:0:0:0:0""]].","/Ribosoft/Data/Migrations/NpgsqlMigrations/20180303234131_CutsiteIndex.Designer.cs","42","21","44","49"
"Call to obsolete method","Calls to methods marked as [Obsolete] should be replaced because the method is no longer maintained and may be removed in the future.","warning","Call to obsolete method [[""HasName""|""file:///home/thomas/.nuget/packages/microsoft.entityframeworkcore.relational/8.0.0/lib/net8.0/Microsoft.EntityFrameworkCore.Relational.dll:0:0:0:0""]].","/Ribosoft/Data/Migrations/NpgsqlMigrations/20180303234131_CutsiteIndex.Designer.cs","173","21","174","46"
"Call to obsolete method","Calls to methods marked as [Obsolete] should be replaced because the method is no longer maintained and may be removed in the future.","warning","Call to obsolete method [[""HasName""|""file:///home/thomas/.nuget/packages/microsoft.entityframeworkcore.relational/8.0.0/lib/net8.0/Microsoft.EntityFrameworkCore.Relational.dll:0:0:0:0""]].","/Ribosoft/Data/Migrations/NpgsqlMigrations/20180303234131_CutsiteIndex.Designer.cs","176","21","178","49"
"Call to obsolete method","Calls to methods marked as [Obsolete] should be replaced because the method is no longer maintained and may be removed in the future.","warning","Call to obsolete method [[""HasName""|""file:///home/thomas/.nuget/packages/microsoft.entityframeworkcore.relational/8.0.0/lib/net8.0/Microsoft.EntityFrameworkCore.Relational.dll:0:0:0:0""]].","/Ribosoft/Data/Migrations/NpgsqlMigrations/20180311074935_Assemblies.Designer.cs","42","21","44","49"
"Call to obsolete method","Calls to methods marked as [Obsolete] should be replaced because the method is no longer maintained and may be removed in the future.","warning","Call to obsolete method [[""HasName""|""file:///home/thomas/.nuget/packages/microsoft.entityframeworkcore.relational/8.0.0/lib/net8.0/Microsoft.EntityFrameworkCore.Relational.dll:0:0:0:0""]].","/Ribosoft/Data/Migrations/NpgsqlMigrations/20180311074935_Assemblies.Designer.cs","173","21","174","46"
"Call to obsolete method","Calls to methods marked as [Obsolete] should be replaced because the method is no longer maintained and may be removed in the future.","warning","Call to obsolete method [[""HasName""|""file:///home/thomas/.nuget/packages/microsoft.entityframeworkcore.relational/8.0.0/lib/net8.0/Microsoft.EntityFrameworkCore.Relational.dll:0:0:0:0""]].","/Ribosoft/Data/Migrations/NpgsqlMigrations/20180311074935_Assemblies.Designer.cs","176","21","178","49"
"Call to obsolete method","Calls to methods marked as [Obsolete] should be replaced because the method is no longer maintained and may be removed in the future.","warning","Call to obsolete method [[""HasName""|""file:///home/thomas/.nuget/packages/microsoft.entityframeworkcore.relational/8.0.0/lib/net8.0/Microsoft.EntityFrameworkCore.Relational.dll:0:0:0:0""]].","/Ribosoft/Data/Migrations/NpgsqlMigrations/20180724232226_JobTolerances.Designer.cs","42","21","44","49"
"Call to obsolete method","Calls to methods marked as [Obsolete] should be replaced because the method is no longer maintained and may be removed in the future.","warning","Call to obsolete method [[""HasName""|""file:///home/thomas/.nuget/packages/microsoft.entityframeworkcore.relational/8.0.0/lib/net8.0/Microsoft.EntityFrameworkCore.Relational.dll:0:0:0:0""]].","/Ribosoft/Data/Migrations/NpgsqlMigrations/20180724232226_JobTolerances.Designer.cs","173","21","174","46"
"Call to obsolete method","Calls to methods marked as [Obsolete] should be replaced because the method is no longer maintained and may be removed in the future.","warning","Call to obsolete method [[""HasName""|""file:///home/thomas/.nuget/packages/microsoft.entityframeworkcore.relational/8.0.0/lib/net8.0/Microsoft.EntityFrameworkCore.Relational.dll:0:0:0:0""]].","/Ribosoft/Data/Migrations/NpgsqlMigrations/20180724232226_JobTolerances.Designer.cs","176","21","178","49"
"Call to obsolete method","Calls to methods marked as [Obsolete] should be replaced because the method is no longer maintained and may be removed in the future.","warning","Call to obsolete method [[""HasName""|""file:///home/thomas/.nuget/packages/microsoft.entityframeworkcore.relational/8.0.0/lib/net8.0/Microsoft.EntityFrameworkCore.Relational.dll:0:0:0:0""]].","/Ribosoft/Data/Migrations/NpgsqlMigrations/20210624135452_RemoveHighestTemp.Designer.cs","42","21","44","49"
"Call to obsolete method","Calls to methods marked as [Obsolete] should be replaced because the method is no longer maintained and may be removed in the future.","warning","Call to obsolete method [[""HasName""|""file:///home/thomas/.nuget/packages/microsoft.entityframeworkcore.relational/8.0.0/lib/net8.0/Microsoft.EntityFrameworkCore.Relational.dll:0:0:0:0""]].","/Ribosoft/Data/Migrations/NpgsqlMigrations/20210624135452_RemoveHighestTemp.Designer.cs","173","21","174","46"
"Call to obsolete method","Calls to methods marked as [Obsolete] should be replaced because the method is no longer maintained and may be removed in the future.","warning","Call to obsolete method [[""HasName""|""file:///home/thomas/.nuget/packages/microsoft.entityframeworkcore.relational/8.0.0/lib/net8.0/Microsoft.EntityFrameworkCore.Relational.dll:0:0:0:0""]].","/Ribosoft/Data/Migrations/NpgsqlMigrations/20210624135452_RemoveHighestTemp.Designer.cs","176","21","178","49"
"Call to obsolete method","Calls to methods marked as [Obsolete] should be replaced because the method is no longer maintained and may be removed in the future.","warning","Call to obsolete method [[""HasName""|""file:///home/thomas/.nuget/packages/microsoft.entityframeworkcore.relational/8.0.0/lib/net8.0/Microsoft.EntityFrameworkCore.Relational.dll:0:0:0:0""]].","/Ribosoft/Data/Migrations/NpgsqlMigrations/20210728205112_AddTargetTemp.Designer.cs","42","21","44","49"
"Call to obsolete method","Calls to methods marked as [Obsolete] should be replaced because the method is no longer maintained and may be removed in the future.","warning","Call to obsolete method [[""HasName""|""file:///home/thomas/.nuget/packages/microsoft.entityframeworkcore.relational/8.0.0/lib/net8.0/Microsoft.EntityFrameworkCore.Relational.dll:0:0:0:0""]].","/Ribosoft/Data/Migrations/NpgsqlMigrations/20210728205112_AddTargetTemp.Designer.cs","173","21","174","46"
"Call to obsolete method","Calls to methods marked as [Obsolete] should be replaced because the method is no longer maintained and may be removed in the future.","warning","Call to obsolete method [[""HasName""|""file:///home/thomas/.nuget/packages/microsoft.entityframeworkcore.relational/8.0.0/lib/net8.0/Microsoft.EntityFrameworkCore.Relational.dll:0:0:0:0""]].","/Ribosoft/Data/Migrations/NpgsqlMigrations/20210728205112_AddTargetTemp.Designer.cs","176","21","178","49"
"Call to obsolete method","Calls to methods marked as [Obsolete] should be replaced because the method is no longer maintained and may be removed in the future.","warning","Call to obsolete method [[""HasName""|""file:///home/thomas/.nuget/packages/microsoft.entityframeworkcore.relational/8.0.0/lib/net8.0/Microsoft.EntityFrameworkCore.Relational.dll:0:0:0:0""]].","/Ribosoft/Data/Migrations/NpgsqlMigrations/20210828173035_AddSubstrateSequence.Designer.cs","42","21","44","49"
"Call to obsolete method","Calls to methods marked as [Obsolete] should be replaced because the method is no longer maintained and may be removed in the future.","warning","Call to obsolete method [[""HasName""|""file:///home/thomas/.nuget/packages/microsoft.entityframeworkcore.relational/8.0.0/lib/net8.0/Microsoft.EntityFrameworkCore.Relational.dll:0:0:0:0""]].","/Ribosoft/Data/Migrations/NpgsqlMigrations/20210828173035_AddSubstrateSequence.Designer.cs","173","21","174","46"
"Call to obsolete method","Calls to methods marked as [Obsolete] should be replaced because the method is no longer maintained and may be removed in the future.","warning","Call to obsolete method [[""HasName""|""file:///home/thomas/.nuget/packages/microsoft.entityframeworkcore.relational/8.0.0/lib/net8.0/Microsoft.EntityFrameworkCore.Relational.dll:0:0:0:0""]].","/Ribosoft/Data/Migrations/NpgsqlMigrations/20210828173035_AddSubstrateSequence.Designer.cs","176","21","178","49"
"Call to obsolete method","Calls to methods marked as [Obsolete] should be replaced because the method is no longer maintained and may be removed in the future.","warning","Call to obsolete method [[""HasName""|""file:///home/thomas/.nuget/packages/microsoft.entityframeworkcore.relational/8.0.0/lib/net8.0/Microsoft.EntityFrameworkCore.Relational.dll:0:0:0:0""]].","/Ribosoft/Data/Migrations/NpgsqlMigrations/20210906162920_AddIdealStructure.Designer.cs","42","21","44","49"
"Call to obsolete method","Calls to methods marked as [Obsolete] should be replaced because the method is no longer maintained and may be removed in the future.","warning","Call to obsolete method [[""HasName""|""file:///home/thomas/.nuget/packages/microsoft.entityframeworkcore.relational/8.0.0/lib/net8.0/Microsoft.EntityFrameworkCore.Relational.dll:0:0:0:0""]].","/Ribosoft/Data/Migrations/NpgsqlMigrations/20210906162920_AddIdealStructure.Designer.cs","173","21","174","46"
"Call to obsolete method","Calls to methods marked as [Obsolete] should be replaced because the method is no longer maintained and may be removed in the future.","warning","Call to obsolete method [[""HasName""|""file:///home/thomas/.nuget/packages/microsoft.entityframeworkcore.relational/8.0.0/lib/net8.0/Microsoft.EntityFrameworkCore.Relational.dll:0:0:0:0""]].","/Ribosoft/Data/Migrations/NpgsqlMigrations/20210906162920_AddIdealStructure.Designer.cs","176","21","178","49"
"Call to obsolete method","Calls to methods marked as [Obsolete] should be replaced because the method is no longer maintained and may be removed in the future.","warning","Call to obsolete method [[""HasName""|""file:///home/thomas/.nuget/packages/microsoft.entityframeworkcore.relational/8.0.0/lib/net8.0/Microsoft.EntityFrameworkCore.Relational.dll:0:0:0:0""]].","/Ribosoft/Data/Migrations/SqlServerMigrations/20180113103131_InitialCreate.Designer.cs","41","21","43","49"
"Call to obsolete method","Calls to methods marked as [Obsolete] should be replaced because the method is no longer maintained and may be removed in the future.","warning","Call to obsolete method [[""HasName""|""file:///home/thomas/.nuget/packages/microsoft.entityframeworkcore.relational/8.0.0/lib/net8.0/Microsoft.EntityFrameworkCore.Relational.dll:0:0:0:0""]].","/Ribosoft/Data/Migrations/SqlServerMigrations/20180113103131_InitialCreate.Designer.cs","173","21","174","46"
"Call to obsolete method","Calls to methods marked as [Obsolete] should be replaced because the method is no longer maintained and may be removed in the future.","warning","Call to obsolete method [[""HasName""|""file:///home/thomas/.nuget/packages/microsoft.entityframeworkcore.relational/8.0.0/lib/net8.0/Microsoft.EntityFrameworkCore.Relational.dll:0:0:0:0""]].","/Ribosoft/Data/Migrations/SqlServerMigrations/20180113103131_InitialCreate.Designer.cs","176","21","178","49"
"Call to obsolete method","Calls to methods marked as [Obsolete] should be replaced because the method is no longer maintained and may be removed in the future.","warning","Call to obsolete method [[""HasName""|""file:///home/thomas/.nuget/packages/microsoft.entityframeworkcore.relational/8.0.0/lib/net8.0/Microsoft.EntityFrameworkCore.Relational.dll:0:0:0:0""]].","/Ribosoft/Data/Migrations/SqlServerMigrations/20180114011729_AddJobParams.Designer.cs","41","21","43","49"
"Call to obsolete method","Calls to methods marked as [Obsolete] should be replaced because the method is no longer maintained and may be removed in the future.","warning","Call to obsolete method [[""HasName""|""file:///home/thomas/.nuget/packages/microsoft.entityframeworkcore.relational/8.0.0/lib/net8.0/Microsoft.EntityFrameworkCore.Relational.dll:0:0:0:0""]].","/Ribosoft/Data/Migrations/SqlServerMigrations/20180114011729_AddJobParams.Designer.cs","173","21","174","46"
"Call to obsolete method","Calls to methods marked as [Obsolete] should be replaced because the method is no longer maintained and may be removed in the future.","warning","Call to obsolete method [[""HasName""|""file:///home/thomas/.nuget/packages/microsoft.entityframeworkcore.relational/8.0.0/lib/net8.0/Microsoft.EntityFrameworkCore.Relational.dll:0:0:0:0""]].","/Ribosoft/Data/Migrations/SqlServerMigrations/20180114011729_AddJobParams.Designer.cs","176","21","178","49"
"Call to obsolete method","Calls to methods marked as [Obsolete] should be replaced because the method is no longer maintained and may be removed in the future.","warning","Call to obsolete method [[""HasName""|""file:///home/thomas/.nuget/packages/microsoft.entityframeworkcore.relational/8.0.0/lib/net8.0/Microsoft.EntityFrameworkCore.Relational.dll:0:0:0:0""]].","/Ribosoft/Data/Migrations/SqlServerMigrations/20180219212248_TargetRegions.Designer.cs","41","21","43","49"
"Call to obsolete method","Calls to methods marked as [Obsolete] should be replaced because the method is no longer maintained and may be removed in the future.","warning","Call to obsolete method [[""HasName""|""file:///home/thomas/.nuget/packages/microsoft.entityframeworkcore.relational/8.0.0/lib/net8.0/Microsoft.EntityFrameworkCore.Relational.dll:0:0:0:0""]].","/Ribosoft/Data/Migrations/SqlServerMigrations/20180219212248_TargetRegions.Designer.cs","173","21","174","46"
"Call to obsolete method","Calls to methods marked as [Obsolete] should be replaced because the method is no longer maintained and may be removed in the future.","warning","Call to obsolete method [[""HasName""|""file:///home/thomas/.nuget/packages/microsoft.entityframeworkcore.relational/8.0.0/lib/net8.0/Microsoft.EntityFrameworkCore.Relational.dll:0:0:0:0""]].","/Ribosoft/Data/Migrations/SqlServerMigrations/20180219212248_TargetRegions.Designer.cs","176","21","178","49"
"Call to obsolete method","Calls to methods marked as [Obsolete] should be replaced because the method is no longer maintained and may be removed in the future.","warning","Call to obsolete method [[""HasName""|""file:///home/thomas/.nuget/packages/microsoft.entityframeworkcore.relational/8.0.0/lib/net8.0/Microsoft.EntityFrameworkCore.Relational.dll:0:0:0:0""]].","/Ribosoft/Data/Migrations/SqlServerMigrations/20180311063651_CutsiteIndex.Designer.cs","41","21","43","49"
"Call to obsolete method","Calls to methods marked as [Obsolete] should be replaced because the method is no longer maintained and may be removed in the future.","warning","Call to obsolete method [[""HasName""|""file:///home/thomas/.nuget/packages/microsoft.entityframeworkcore.relational/8.0.0/lib/net8.0/Microsoft.EntityFrameworkCore.Relational.dll:0:0:0:0""]].","/Ribosoft/Data/Migrations/SqlServerMigrations/20180311063651_CutsiteIndex.Designer.cs","173","21","174","46"
"Call to obsolete method","Calls to methods marked as [Obsolete] should be replaced because the method is no longer maintained and may be removed in the future.","warning","Call to obsolete method [[""HasName""|""file:///home/thomas/.nuget/packages/microsoft.entityframeworkcore.relational/8.0.0/lib/net8.0/Microsoft.EntityFrameworkCore.Relational.dll:0:0:0:0""]].","/Ribosoft/Data/Migrations/SqlServerMigrations/20180311063651_CutsiteIndex.Designer.cs","176","21","178","49"
"Call to obsolete method","Calls to methods marked as [Obsolete] should be replaced because the method is no longer maintained and may be removed in the future.","warning","Call to obsolete method [[""HasName""|""file:///home/thomas/.nuget/packages/microsoft.entityframeworkcore.relational/8.0.0/lib/net8.0/Microsoft.EntityFrameworkCore.Relational.dll:0:0:0:0""]].","/Ribosoft/Data/Migrations/SqlServerMigrations/20180311064649_Assemblies.Designer.cs","41","21","43","49"
"Call to obsolete method","Calls to methods marked as [Obsolete] should be replaced because the method is no longer maintained and may be removed in the future.","warning","Call to obsolete method [[""HasName""|""file:///home/thomas/.nuget/packages/microsoft.entityframeworkcore.relational/8.0.0/lib/net8.0/Microsoft.EntityFrameworkCore.Relational.dll:0:0:0:0""]].","/Ribosoft/Data/Migrations/SqlServerMigrations/20180311064649_Assemblies.Designer.cs","173","21","174","46"
"Call to obsolete method","Calls to methods marked as [Obsolete] should be replaced because the method is no longer maintained and may be removed in the future.","warning","Call to obsolete method [[""HasName""|""file:///home/thomas/.nuget/packages/microsoft.entityframeworkcore.relational/8.0.0/lib/net8.0/Microsoft.EntityFrameworkCore.Relational.dll:0:0:0:0""]].","/Ribosoft/Data/Migrations/SqlServerMigrations/20180311064649_Assemblies.Designer.cs","176","21","178","49"
"Call to obsolete method","Calls to methods marked as [Obsolete] should be replaced because the method is no longer maintained and may be removed in the future.","warning","Call to obsolete method [[""HasName""|""file:///home/thomas/.nuget/packages/microsoft.entityframeworkcore.relational/8.0.0/lib/net8.0/Microsoft.EntityFrameworkCore.Relational.dll:0:0:0:0""]].","/Ribosoft/Data/Migrations/SqlServerMigrations/20180724233305_JobTolerances.Designer.cs","41","21","43","49"
"Call to obsolete method","Calls to methods marked as [Obsolete] should be replaced because the method is no longer maintained and may be removed in the future.","warning","Call to obsolete method [[""HasName""|""file:///home/thomas/.nuget/packages/microsoft.entityframeworkcore.relational/8.0.0/lib/net8.0/Microsoft.EntityFrameworkCore.Relational.dll:0:0:0:0""]].","/Ribosoft/Data/Migrations/SqlServerMigrations/20180724233305_JobTolerances.Designer.cs","173","21","174","46"
"Call to obsolete method","Calls to methods marked as [Obsolete] should be replaced because the method is no longer maintained and may be removed in the future.","warning","Call to obsolete method [[""HasName""|""file:///home/thomas/.nuget/packages/microsoft.entityframeworkcore.relational/8.0.0/lib/net8.0/Microsoft.EntityFrameworkCore.Relational.dll:0:0:0:0""]].","/Ribosoft/Data/Migrations/SqlServerMigrations/20180724233305_JobTolerances.Designer.cs","176","21","178","49"
"Call to obsolete method","Calls to methods marked as [Obsolete] should be replaced because the method is no longer maintained and may be removed in the future.","warning","Call to obsolete method [[""HasName""|""file:///home/thomas/.nuget/packages/microsoft.entityframeworkcore.relational/8.0.0/lib/net8.0/Microsoft.EntityFrameworkCore.Relational.dll:0:0:0:0""]].","/Ribosoft/Data/Migrations/SqlServerMigrations/20210624143946_RemoveHighestTemp.Designer.cs","41","21","43","49"
"Call to obsolete method","Calls to methods marked as [Obsolete] should be replaced because the method is no longer maintained and may be removed in the future.","warning","Call to obsolete method [[""HasName""|""file:///home/thomas/.nuget/packages/microsoft.entityframeworkcore.relational/8.0.0/lib/net8.0/Microsoft.EntityFrameworkCore.Relational.dll:0:0:0:0""]].","/Ribosoft/Data/Migrations/SqlServerMigrations/20210624143946_RemoveHighestTemp.Designer.cs","173","21","174","46"
"Call to obsolete method","Calls to methods marked as [Obsolete] should be replaced because the method is no longer maintained and may be removed in the future.","warning","Call to obsolete method [[""HasName""|""file:///home/thomas/.nuget/packages/microsoft.entityframeworkcore.relational/8.0.0/lib/net8.0/Microsoft.EntityFrameworkCore.Relational.dll:0:0:0:0""]].","/Ribosoft/Data/Migrations/SqlServerMigrations/20210624143946_RemoveHighestTemp.Designer.cs","176","21","178","49"
"Call to obsolete method","Calls to methods marked as [Obsolete] should be replaced because the method is no longer maintained and may be removed in the future.","warning","Call to obsolete method [[""HasName""|""file:///home/thomas/.nuget/packages/microsoft.entityframeworkcore.relational/8.0.0/lib/net8.0/Microsoft.EntityFrameworkCore.Relational.dll:0:0:0:0""]].","/Ribosoft/Data/Migrations/SqlServerMigrations/20210728205152_AddTargetTemp.Designer.cs","41","21","43","49"
"Call to obsolete method","Calls to methods marked as [Obsolete] should be replaced because the method is no longer maintained and may be removed in the future.","warning","Call to obsolete method [[""HasName""|""file:///home/thomas/.nuget/packages/microsoft.entityframeworkcore.relational/8.0.0/lib/net8.0/Microsoft.EntityFrameworkCore.Relational.dll:0:0:0:0""]].","/Ribosoft/Data/Migrations/SqlServerMigrations/20210728205152_AddTargetTemp.Designer.cs","173","21","174","46"
"Call to obsolete method","Calls to methods marked as [Obsolete] should be replaced because the method is no longer maintained and may be removed in the future.","warning","Call to obsolete method [[""HasName""|""file:///home/thomas/.nuget/packages/microsoft.entityframeworkcore.relational/8.0.0/lib/net8.0/Microsoft.EntityFrameworkCore.Relational.dll:0:0:0:0""]].","/Ribosoft/Data/Migrations/SqlServerMigrations/20210728205152_AddTargetTemp.Designer.cs","176","21","178","49"
"Call to obsolete method","Calls to methods marked as [Obsolete] should be replaced because the method is no longer maintained and may be removed in the future.","warning","Call to obsolete method [[""HasName""|""file:///home/thomas/.nuget/packages/microsoft.entityframeworkcore.relational/8.0.0/lib/net8.0/Microsoft.EntityFrameworkCore.Relational.dll:0:0:0:0""]].","/Ribosoft/Data/Migrations/SqlServerMigrations/20210828173240_AddSubstrateSequence.Designer.cs","41","21","43","49"
"Call to obsolete method","Calls to methods marked as [Obsolete] should be replaced because the method is no longer maintained and may be removed in the future.","warning","Call to obsolete method [[""HasName""|""file:///home/thomas/.nuget/packages/microsoft.entityframeworkcore.relational/8.0.0/lib/net8.0/Microsoft.EntityFrameworkCore.Relational.dll:0:0:0:0""]].","/Ribosoft/Data/Migrations/SqlServerMigrations/20210828173240_AddSubstrateSequence.Designer.cs","173","21","174","46"
"Call to obsolete method","Calls to methods marked as [Obsolete] should be replaced because the method is no longer maintained and may be removed in the future.","warning","Call to obsolete method [[""HasName""|""file:///home/thomas/.nuget/packages/microsoft.entityframeworkcore.relational/8.0.0/lib/net8.0/Microsoft.EntityFrameworkCore.Relational.dll:0:0:0:0""]].","/Ribosoft/Data/Migrations/SqlServerMigrations/20210828173240_AddSubstrateSequence.Designer.cs","176","21","178","49"
"Call to obsolete method","Calls to methods marked as [Obsolete] should be replaced because the method is no longer maintained and may be removed in the future.","warning","Call to obsolete method [[""HasName""|""file:///home/thomas/.nuget/packages/microsoft.entityframeworkcore.relational/8.0.0/lib/net8.0/Microsoft.EntityFrameworkCore.Relational.dll:0:0:0:0""]].","/Ribosoft/Data/Migrations/SqlServerMigrations/20210906163007_AddIdealStructure.Designer.cs","41","21","43","49"
"Call to obsolete method","Calls to methods marked as [Obsolete] should be replaced because the method is no longer maintained and may be removed in the future.","warning","Call to obsolete method [[""HasName""|""file:///home/thomas/.nuget/packages/microsoft.entityframeworkcore.relational/8.0.0/lib/net8.0/Microsoft.EntityFrameworkCore.Relational.dll:0:0:0:0""]].","/Ribosoft/Data/Migrations/SqlServerMigrations/20210906163007_AddIdealStructure.Designer.cs","173","21","174","46"
"Call to obsolete method","Calls to methods marked as [Obsolete] should be replaced because the method is no longer maintained and may be removed in the future.","warning","Call to obsolete method [[""HasName""|""file:///home/thomas/.nuget/packages/microsoft.entityframeworkcore.relational/8.0.0/lib/net8.0/Microsoft.EntityFrameworkCore.Relational.dll:0:0:0:0""]].","/Ribosoft/Data/Migrations/SqlServerMigrations/20210906163007_AddIdealStructure.Designer.cs","176","21","178","49"
"Missing Dispose call on local IDisposable","Methods that create objects of type 'IDisposable' should call 'Dispose' on those objects, otherwise unmanaged resources may not be released.","warning","Disposable 'StringContent' is created but not disposed.","/NCBI.Datasets.API/Services/NCBIDatasetsHttpClient.cs","91","27","91","84"
"Missing Dispose call on local IDisposable","Methods that create objects of type 'IDisposable' should call 'Dispose' on those objects, otherwise unmanaged resources may not be released.","warning","Disposable 'StringContent' is created but not disposed.","/NCBI.Datasets.API/Services/NCBIDatasetsHttpClient.cs","145","27","145","84"
"Missing Dispose call on local IDisposable","Methods that create objects of type 'IDisposable' should call 'Dispose' on those objects, otherwise unmanaged resources may not be released.","warning","Disposable 'StringContent' is created but not disposed.","/NCBI.Datasets.API/Services/OrganelleService.cs","119","31","119","88"
"Missing Dispose call on local IDisposable","Methods that create objects of type 'IDisposable' should call 'Dispose' on those objects, otherwise unmanaged resources may not be released.","warning","Disposable 'StringContent' is created but not disposed.","/NCBI.Datasets.API/Services/OrganelleService.cs","276","31","276","88"
"Missing Dispose call on local IDisposable","Methods that create objects of type 'IDisposable' should call 'Dispose' on those objects, otherwise unmanaged resources may not be released.","warning","Disposable 'StringContent' is created but not disposed.","/NCBI.Datasets.API/Services/ProteinService.cs","119","31","119","88"
"Missing Dispose call on local IDisposable","Methods that create objects of type 'IDisposable' should call 'Dispose' on those objects, otherwise unmanaged resources may not be released.","warning","Disposable 'StringContent' is created but not disposed.","/NCBI.Datasets.API/Services/TaxonomyService.cs","121","31","121","88"
"Missing Dispose call on local IDisposable","Methods that create objects of type 'IDisposable' should call 'Dispose' on those objects, otherwise unmanaged resources may not be released.","warning","Disposable 'StringContent' is created but not disposed.","/NCBI.Datasets.API/Services/TaxonomyService.cs","231","31","231","88"
"Missing Dispose call on local IDisposable","Methods that create objects of type 'IDisposable' should call 'Dispose' on those objects, otherwise unmanaged resources may not be released.","warning","Disposable 'StringContent' is created but not disposed.","/NCBI.Datasets.API/Services/TaxonomyService.cs","341","31","341","88"
"Missing Dispose call on local IDisposable","Methods that create objects of type 'IDisposable' should call 'Dispose' on those objects, otherwise unmanaged resources may not be released.","warning","Disposable 'StringContent' is created but not disposed.","/NCBI.Datasets.API/Services/TaxonomyService.cs","424","31","424","88"
"Missing Dispose call on local IDisposable","Methods that create objects of type 'IDisposable' should call 'Dispose' on those objects, otherwise unmanaged resources may not be released.","warning","Disposable 'StringContent' is created but not disposed.","/NCBI.Datasets.API/Services/TaxonomyService.cs","517","31","517","88"
"Missing Dispose call on local IDisposable","Methods that create objects of type 'IDisposable' should call 'Dispose' on those objects, otherwise unmanaged resources may not be released.","warning","Disposable 'StringContent' is created but not disposed.","/NCBI.Datasets.API/Services/TaxonomyService.cs","604","31","604","88"
"Missing Dispose call on local IDisposable","Methods that create objects of type 'IDisposable' should call 'Dispose' on those objects, otherwise unmanaged resources may not be released.","warning","Disposable 'MemoryStream' is created but not disposed.","/Ribosoft/Controllers/DesignsController.cs","106","30","106","56"
"Missing Dispose call on local IDisposable","Methods that create objects of type 'IDisposable' should call 'Dispose' on those objects, otherwise unmanaged resources may not be released.","warning","Disposable 'MemoryStream' is created but not disposed.","/Ribosoft/Controllers/DesignsController.cs","133","26","133","52"
"Missing Dispose call on local IDisposable","Methods that create objects of type 'IDisposable' should call 'Dispose' on those objects, otherwise unmanaged resources may not be released.","warning","Disposable 'MemoryStream' is created but not disposed.","/Ribosoft/Controllers/JobsController.cs","123","35","123","61"
"Missing Dispose call on local IDisposable","Methods that create objects of type 'IDisposable' should call 'Dispose' on those objects, otherwise unmanaged resources may not be released.","warning","Disposable 'MemoryStream' is created but not disposed.","/Ribosoft/Controllers/JobsController.cs","899","30","899","56"
"Missing Dispose call on local IDisposable","Methods that create objects of type 'IDisposable' should call 'Dispose' on those objects, otherwise unmanaged resources may not be released.","warning","Disposable 'MemoryStream' is created but not disposed.","/Ribosoft/Controllers/JobsController.cs","928","30","928","56"
"Missing Dispose call on local IDisposable","Methods that create objects of type 'IDisposable' should call 'Dispose' on those objects, otherwise unmanaged resources may not be released.","warning","Disposable 'DatabaseTarget' is created but not disposed.","/Ribosoft/Program.cs","74","38","81","17"
"Useless assignment to local variable","An assignment to a local variable that is not used later on, or whose value is always overwritten, has no effect.","warning","This assignment to [[""mailgunSender""|""relative:///Ribosoft/Extensions/EmailSenderExtensions.cs:18:51:18:63""]] is useless, since its value is never read.","/Ribosoft/Extensions/EmailSenderExtensions.cs","18","32","18","63"
"Useless assignment to local variable","An assignment to a local variable that is not used later on, or whose value is always overwritten, has no effect.","warning","This assignment to [[""mailgunSender""|""relative:///Ribosoft/Extensions/EmailSenderExtensions.cs:38:51:38:63""]] is useless, since its value is never read.","/Ribosoft/Extensions/EmailSenderExtensions.cs","38","32","38","63"
"Useless assignment to local variable","An assignment to a local variable that is not used later on, or whose value is always overwritten, has no effect.","warning","This assignment to [[""mailgunSender""|""relative:///Ribosoft/Extensions/EmailSenderExtensions.cs:57:51:57:63""]] is useless, since its value is never read.","/Ribosoft/Extensions/EmailSenderExtensions.cs","57","32","57","63"
"Useless assignment to local variable","An assignment to a local variable that is not used later on, or whose value is always overwritten, has no effect.","warning","This assignment to [[""configuration""|""relative:///NCBI.Datasets.API.Tests/Integration/ApiConnectivityTests.cs:21:13:21:25""]] is useless, since its value is never read.","/NCBI.Datasets.API.Tests/Integration/ApiConnectivityTests.cs","21","13","25","20"
"Useless assignment to local variable","An assignment to a local variable that is not used later on, or whose value is always overwritten, has no effect.","warning","This assignment to [[""recentJobs""|""relative:///Ribosoft/Controllers/AdminController.cs:180:21:180:30""]] is useless, since its value is never read.","/Ribosoft/Controllers/AdminController.cs","180","21","185","34"
"Useless assignment to local variable","An assignment to a local variable that is not used later on, or whose value is always overwritten, has no effect.","warning","This assignment to [[""buffer""|""relative:///Ribosoft/Jobs/DatasetDownloadJob.cs:188:17:188:22""]] is useless, since its value is never read.","/Ribosoft/Jobs/DatasetDownloadJob.cs","188","17","188","45"
"Useless assignment to local variable","An assignment to a local variable that is not used later on, or whose value is always overwritten, has no effect.","warning","This assignment to [[""designCount""|""relative:///Ribosoft/Jobs/GenerateCandidates.cs:502:17:502:27""]] is useless, since its value is never read.","/Ribosoft/Jobs/GenerateCandidates.cs","502","17","502","45"
"Useless assignment to local variable","An assignment to a local variable that is not used later on, or whose value is always overwritten, has no effect.","warning","This assignment to [[""originalBodyStream""|""relative:///Ribosoft/Middleware/RequestLoggingMiddleware.cs:39:17:39:34""]] is useless, since its value is never read.","/Ribosoft/Middleware/RequestLoggingMiddleware.cs","39","17","39","58"
"Useless assignment to local variable","An assignment to a local variable that is not used later on, or whose value is always overwritten, has no effect.","warning","This assignment to [[""queueName""|""relative:///Ribosoft/Services/DatasetDownloadService.cs:456:25:456:33""]] is useless, since its value is never read.","/Ribosoft/Services/DatasetDownloadService.cs","456","25","461","21"
"Useless assignment to local variable","An assignment to a local variable that is not used later on, or whose value is always overwritten, has no effect.","warning","This assignment to [[""cpNucleo""|""relative:///Ribosoft.Tests/TestBiology.cs:13:24:13:31""]] is useless, since its value is never read.","/Ribosoft.Tests/TestBiology.cs","13","24","13","59"
"Useless assignment to local variable","An assignment to a local variable that is not used later on, or whose value is always overwritten, has no effect.","warning","This assignment to [[""ex""|""relative:///Ribosoft.Tests/TestCandidateGeneration.cs:163:23:163:24""]] is useless, since its value is never read.","/Ribosoft.Tests/TestCandidateGeneration.cs","163","23","168","46"
"Useless assignment to local variable","An assignment to a local variable that is not used later on, or whose value is always overwritten, has no effect.","warning","This assignment to [[""vm""|""relative:///Ribosoft.Tests/TestModels.cs:57:33:57:34""]] is useless, since its value is never read.","/Ribosoft.Tests/TestModels.cs","57","33","57","62"
"Useless assignment to local variable","An assignment to a local variable that is not used later on, or whose value is always overwritten, has no effect.","warning","This assignment to [[""ex""|""relative:///Ribosoft.Tests/TestRibosoftAlgo.cs:63:23:63:24""]] is useless, since its value is never read.","/Ribosoft.Tests/TestRibosoftAlgo.cs","63","23","63","94"
"Useless assignment to local variable","An assignment to a local variable that is not used later on, or whose value is always overwritten, has no effect.","warning","This assignment to [[""ex""|""relative:///Ribosoft.Tests/TestRibosoftAlgo.cs:71:23:71:24""]] is useless, since its value is never read.","/Ribosoft.Tests/TestRibosoftAlgo.cs","71","23","71","91"
"Useless assignment to local variable","An assignment to a local variable that is not used later on, or whose value is always overwritten, has no effect.","warning","This assignment to [[""configuration""|""relative:///RibosoftAlgo.Tests/CppTestWrapper.cs:98:16:98:28""]] is useless, since its value is never read.","/RibosoftAlgo.Tests/CppTestWrapper.cs","98","16","98","49"
"Useless assignment to local variable","An assignment to a local variable that is not used later on, or whose value is always overwritten, has no effect.","warning","This assignment to [[""item""|""relative:///Ribosoft/Views/Request/Index.cshtml:96:51:96:54""]] is useless, since its value is never read.","/Ribosoft/Views/Request/Index.cshtml","96","51","96","54"
"Useless assignment to local variable","An assignment to a local variable that is not used later on, or whose value is always overwritten, has no effect.","warning","This assignment to [[""item""|""relative:///Ribosoft/Views/Request/Index.cshtml:309:59:309:62""]] is useless, since its value is never read.","/Ribosoft/Views/Request/Index.cshtml","309","59","309","62"
"Dereferenced variable may be null","Dereferencing a variable whose value may be 'null' may cause a 'NullReferenceException'.","warning","Variable [[""summaryResponse.Data.Hydrated""|""relative:///NCBI.Datasets.API.Tests/Integration/NCBIDatasetsClientIntegrationTests.cs:171:24:171:53""]] may be null at this access as suggested by [[""this""|""relative:///NCBI.Datasets.API.Tests/Integration/NCBIDatasetsClientIntegrationTests.cs:171:24:171:53""]] null check.","/NCBI.Datasets.API.Tests/Integration/NCBIDatasetsClientIntegrationTests.cs","173","27","173","55"
"Dereferenced variable may be null","Dereferencing a variable whose value may be 'null' may cause a 'NullReferenceException'.","warning","Variable [[""summaryResponse.Data""|""relative:///NCBI.Datasets.API.Tests/Integration/NCBIDatasetsClientIntegrationTests.cs:171:24:171:43""]] may be null at this access as suggested by [[""this""|""relative:///NCBI.Datasets.API.Tests/Integration/NCBIDatasetsClientIntegrationTests.cs:171:24:171:43""]] null check.","/NCBI.Datasets.API.Tests/Integration/NCBIDatasetsClientIntegrationTests.cs","173","27","173","46"
"Dereferenced variable may be null","Dereferencing a variable whose value may be 'null' may cause a 'NullReferenceException'.","warning","Variable [[""startDate""|""relative:///Ribosoft/Controllers/AdminController.cs:571:23:571:31""]] may be null at this access because it has a nullable type.","/Ribosoft/Controllers/AdminController.cs","602","61","602","69"
"Dereferenced variable may be null","Dereferencing a variable whose value may be 'null' may cause a 'NullReferenceException'.","warning","Variable [[""startDate""|""relative:///Ribosoft/Controllers/AdminController.cs:684:23:684:31""]] may be null at this access because it has a nullable type.","/Ribosoft/Controllers/AdminController.cs","726","61","726","69"
"Dereferenced variable may be null","Dereferencing a variable whose value may be 'null' may cause a 'NullReferenceException'.","warning","Variable [[""minDesiredTemp""|""relative:///Ribosoft/Controllers/JobsController.cs:242:20:242:33""]] may be null at this access because it has a nullable type.","/Ribosoft/Controllers/JobsController.cs","261","75","261","88"
"Dereferenced variable may be null","Dereferencing a variable whose value may be 'null' may cause a 'NullReferenceException'.","warning","Variable [[""maxSpecificity""|""relative:///Ribosoft/Controllers/JobsController.cs:242:50:242:63""]] may be null at this access because it has a nullable type.","/Ribosoft/Controllers/JobsController.cs","265","68","265","81"
"Dereferenced variable may be null","Dereferencing a variable whose value may be 'null' may cause a 'NullReferenceException'.","warning","Variable [[""minAccessibility""|""relative:///Ribosoft/Controllers/JobsController.cs:242:80:242:95""]] may be null at this access because it has a nullable type.","/Ribosoft/Controllers/JobsController.cs","269","70","269","85"
"Dereferenced variable may be null","Dereferencing a variable whose value may be 'null' may cause a 'NullReferenceException'.","warning","Variable [[""minStructure""|""relative:///Ribosoft/Controllers/JobsController.cs:242:112:242:123""]] may be null at this access because it has a nullable type.","/Ribosoft/Controllers/JobsController.cs","273","66","273","77"
"Comparison of identical values","When the same variable occurs on both sides of a comparison operator, the behavior is always constant, and probably not what it was intended to be.","warning","Comparison of identical values.","/Ribosoft/Views/Assemblies/_DownloadsTable.cshtml","149","41","149","81"
"Comparison of identical values","When the same variable occurs on both sides of a comparison operator, the behavior is always constant, and probably not what it was intended to be.","warning","Comparison of identical values.","/Ribosoft/Views/Assemblies/_DownloadsTable.cshtml","150","100","150","140"
"Missed ternary opportunity","An 'if' statement where both branches either (a) return or (b) write to the same variable can often be expressed more clearly using the '?' operator.","recommendation","Both branches of this 'if' statement return - consider using '?' to express intent better.","/Ribosoft/Controllers/AccountController.cs","595","13","602","13"
"Missed ternary opportunity","An 'if' statement where both branches either (a) return or (b) write to the same variable can often be expressed more clearly using the '?' operator.","recommendation","Both branches of this 'if' statement return - consider using '?' to express intent better.","/Ribosoft/Controllers/RequestController.cs","213","13","220","13"
"Generic catch clause","Catching all exceptions with a generic catch clause may be overly broad, which can make errors harder to diagnose.","recommendation","Generic catch clause.","/NCBI.Datasets.API/Services/BioSampleService.cs","86","13","89","13"
"Generic catch clause","Catching all exceptions with a generic catch clause may be overly broad, which can make errors harder to diagnose.","recommendation","Generic catch clause.","/NCBI.Datasets.API/Services/GeneService.cs","78","9","82","9"
"Generic catch clause","Catching all exceptions with a generic catch clause may be overly broad, which can make errors harder to diagnose.","recommendation","Generic catch clause.","/NCBI.Datasets.API/Services/GeneService.cs","129","9","133","9"
"Generic catch clause","Catching all exceptions with a generic catch clause may be overly broad, which can make errors harder to diagnose.","recommendation","Generic catch clause.","/NCBI.Datasets.API/Services/GeneService.cs","187","9","191","9"
"Generic catch clause","Catching all exceptions with a generic catch clause may be overly broad, which can make errors harder to diagnose.","recommendation","Generic catch clause.","/NCBI.Datasets.API/Services/GeneService.cs","237","9","241","9"
"Generic catch clause","Catching all exceptions with a generic catch clause may be overly broad, which can make errors harder to diagnose.","recommendation","Generic catch clause.","/NCBI.Datasets.API/Services/GeneService.cs","267","9","271","9"
"Generic catch clause","Catching all exceptions with a generic catch clause may be overly broad, which can make errors harder to diagnose.","recommendation","Generic catch clause.","/NCBI.Datasets.API/Services/GeneService.cs","317","9","321","9"
"Generic catch clause","Catching all exceptions with a generic catch clause may be overly broad, which can make errors harder to diagnose.","recommendation","Generic catch clause.","/NCBI.Datasets.API/Services/GeneService.cs","346","9","350","9"
"Generic catch clause","Catching all exceptions with a generic catch clause may be overly broad, which can make errors harder to diagnose.","recommendation","Generic catch clause.","/NCBI.Datasets.API/Services/GeneService.cs","381","9","385","9"
"Generic catch clause","Catching all exceptions with a generic catch clause may be overly broad, which can make errors harder to diagnose.","recommendation","Generic catch clause.","/NCBI.Datasets.API/Services/GeneService.cs","411","9","415","9"
"Generic catch clause","Catching all exceptions with a generic catch clause may be overly broad, which can make errors harder to diagnose.","recommendation","Generic catch clause.","/NCBI.Datasets.API/Services/GeneService.cs","445","9","449","9"
"Generic catch clause","Catching all exceptions with a generic catch clause may be overly broad, which can make errors harder to diagnose.","recommendation","Generic catch clause.","/NCBI.Datasets.API/Services/GeneService.cs","475","9","479","9"
"Generic catch clause","Catching all exceptions with a generic catch clause may be overly broad, which can make errors harder to diagnose.","recommendation","Generic catch clause.","/NCBI.Datasets.API/Services/GeneService.cs","504","9","508","9"
"Generic catch clause","Catching all exceptions with a generic catch clause may be overly broad, which can make errors harder to diagnose.","recommendation","Generic catch clause.","/NCBI.Datasets.API/Services/GeneService.cs","534","9","538","9"
"Generic catch clause","Catching all exceptions with a generic catch clause may be overly broad, which can make errors harder to diagnose.","recommendation","Generic catch clause.","/NCBI.Datasets.API/Services/GeneService.cs","569","9","573","9"
"Generic catch clause","Catching all exceptions with a generic catch clause may be overly broad, which can make errors harder to diagnose.","recommendation","Generic catch clause.","/NCBI.Datasets.API/Services/GeneService.cs","599","9","603","9"
"Generic catch clause","Catching all exceptions with a generic catch clause may be overly broad, which can make errors harder to diagnose.","recommendation","Generic catch clause.","/NCBI.Datasets.API/Services/GeneService.cs","640","9","644","9"
"Generic catch clause","Catching all exceptions with a generic catch clause may be overly broad, which can make errors harder to diagnose.","recommendation","Generic catch clause.","/NCBI.Datasets.API/Services/GenomeService.cs","61","9","65","9"
"Generic catch clause","Catching all exceptions with a generic catch clause may be overly broad, which can make errors harder to diagnose.","recommendation","Generic catch clause.","/NCBI.Datasets.API/Services/GenomeService.cs","91","9","95","9"
"Generic catch clause","Catching all exceptions with a generic catch clause may be overly broad, which can make errors harder to diagnose.","recommendation","Generic catch clause.","/NCBI.Datasets.API/Services/GenomeService.cs","142","9","146","9"
"Generic catch clause","Catching all exceptions with a generic catch clause may be overly broad, which can make errors harder to diagnose.","recommendation","Generic catch clause.","/NCBI.Datasets.API/Services/GenomeService.cs","172","9","176","9"
"Generic catch clause","Catching all exceptions with a generic catch clause may be overly broad, which can make errors harder to diagnose.","recommendation","Generic catch clause.","/NCBI.Datasets.API/Services/GenomeService.cs","218","9","222","9"
"Generic catch clause","Catching all exceptions with a generic catch clause may be overly broad, which can make errors harder to diagnose.","recommendation","Generic catch clause.","/NCBI.Datasets.API/Services/GenomeService.cs","272","9","276","9"
"Generic catch clause","Catching all exceptions with a generic catch clause may be overly broad, which can make errors harder to diagnose.","recommendation","Generic catch clause.","/NCBI.Datasets.API/Services/GenomeService.cs","301","9","305","9"
"Generic catch clause","Catching all exceptions with a generic catch clause may be overly broad, which can make errors harder to diagnose.","recommendation","Generic catch clause.","/NCBI.Datasets.API/Services/GenomeService.cs","348","9","353","9"
"Generic catch clause","Catching all exceptions with a generic catch clause may be overly broad, which can make errors harder to diagnose.","recommendation","Generic catch clause.","/NCBI.Datasets.API/Services/GenomeService.cs","391","9","396","9"
"Generic catch clause","Catching all exceptions with a generic catch clause may be overly broad, which can make errors harder to diagnose.","recommendation","Generic catch clause.","/NCBI.Datasets.API/Services/GenomeService.cs","430","9","434","9"
"Generic catch clause","Catching all exceptions with a generic catch clause may be overly broad, which can make errors harder to diagnose.","recommendation","Generic catch clause.","/NCBI.Datasets.API/Services/GenomeService.cs","465","9","469","9"
"Generic catch clause","Catching all exceptions with a generic catch clause may be overly broad, which can make errors harder to diagnose.","recommendation","Generic catch clause.","/NCBI.Datasets.API/Services/GenomeService.cs","496","9","500","9"
"Generic catch clause","Catching all exceptions with a generic catch clause may be overly broad, which can make errors harder to diagnose.","recommendation","Generic catch clause.","/NCBI.Datasets.API/Services/GenomeService.cs","530","9","534","9"
"Generic catch clause","Catching all exceptions with a generic catch clause may be overly broad, which can make errors harder to diagnose.","recommendation","Generic catch clause.","/NCBI.Datasets.API/Services/GenomeService.cs","565","9","569","9"
"Generic catch clause","Catching all exceptions with a generic catch clause may be overly broad, which can make errors harder to diagnose.","recommendation","Generic catch clause.","/NCBI.Datasets.API/Services/GenomeService.cs","595","9","599","9"
"Generic catch clause","Catching all exceptions with a generic catch clause may be overly broad, which can make errors harder to diagnose.","recommendation","Generic catch clause.","/NCBI.Datasets.API/Services/GenomeService.cs","626","9","630","9"
"Generic catch clause","Catching all exceptions with a generic catch clause may be overly broad, which can make errors harder to diagnose.","recommendation","Generic catch clause.","/NCBI.Datasets.API/Services/NCBIDatasetsHttpClient.cs","224","13","228","13"
"Generic catch clause","Catching all exceptions with a generic catch clause may be overly broad, which can make errors harder to diagnose.","recommendation","Generic catch clause.","/NCBI.Datasets.API/Services/NCBIDatasetsHttpClient.cs","268","13","271","13"
"Generic catch clause","Catching all exceptions with a generic catch clause may be overly broad, which can make errors harder to diagnose.","recommendation","Generic catch clause.","/NCBI.Datasets.API/Services/OrganelleService.cs","84","13","87","13"
"Generic catch clause","Catching all exceptions with a generic catch clause may be overly broad, which can make errors harder to diagnose.","recommendation","Generic catch clause.","/NCBI.Datasets.API/Services/OrganelleService.cs","132","13","135","13"
"Generic catch clause","Catching all exceptions with a generic catch clause may be overly broad, which can make errors harder to diagnose.","recommendation","Generic catch clause.","/NCBI.Datasets.API/Services/OrganelleService.cs","192","13","195","13"
"Generic catch clause","Catching all exceptions with a generic catch clause may be overly broad, which can make errors harder to diagnose.","recommendation","Generic catch clause.","/NCBI.Datasets.API/Services/OrganelleService.cs","248","13","251","13"
"Generic catch clause","Catching all exceptions with a generic catch clause may be overly broad, which can make errors harder to diagnose.","recommendation","Generic catch clause.","/NCBI.Datasets.API/Services/OrganelleService.cs","292","13","295","13"
"Generic catch clause","Catching all exceptions with a generic catch clause may be overly broad, which can make errors harder to diagnose.","recommendation","Generic catch clause.","/NCBI.Datasets.API/Services/ProteinService.cs","84","13","87","13"
"Generic catch clause","Catching all exceptions with a generic catch clause may be overly broad, which can make errors harder to diagnose.","recommendation","Generic catch clause.","/NCBI.Datasets.API/Services/ProteinService.cs","132","13","135","13"
"Generic catch clause","Catching all exceptions with a generic catch clause may be overly broad, which can make errors harder to diagnose.","recommendation","Generic catch clause.","/NCBI.Datasets.API/Services/TaxonomyService.cs","95","13","98","13"
"Generic catch clause","Catching all exceptions with a generic catch clause may be overly broad, which can make errors harder to diagnose.","recommendation","Generic catch clause.","/NCBI.Datasets.API/Services/TaxonomyService.cs","137","13","140","13"
"Generic catch clause","Catching all exceptions with a generic catch clause may be overly broad, which can make errors harder to diagnose.","recommendation","Generic catch clause.","/NCBI.Datasets.API/Services/TaxonomyService.cs","205","13","208","13"
"Generic catch clause","Catching all exceptions with a generic catch clause may be overly broad, which can make errors harder to diagnose.","recommendation","Generic catch clause.","/NCBI.Datasets.API/Services/TaxonomyService.cs","247","13","250","13"
"Generic catch clause","Catching all exceptions with a generic catch clause may be overly broad, which can make errors harder to diagnose.","recommendation","Generic catch clause.","/NCBI.Datasets.API/Services/TaxonomyService.cs","315","13","318","13"
"Generic catch clause","Catching all exceptions with a generic catch clause may be overly broad, which can make errors harder to diagnose.","recommendation","Generic catch clause.","/NCBI.Datasets.API/Services/TaxonomyService.cs","357","13","360","13"
"Generic catch clause","Catching all exceptions with a generic catch clause may be overly broad, which can make errors harder to diagnose.","recommendation","Generic catch clause.","/NCBI.Datasets.API/Services/TaxonomyService.cs","401","13","404","13"
"Generic catch clause","Catching all exceptions with a generic catch clause may be overly broad, which can make errors harder to diagnose.","recommendation","Generic catch clause.","/NCBI.Datasets.API/Services/TaxonomyService.cs","440","13","443","13"
"Generic catch clause","Catching all exceptions with a generic catch clause may be overly broad, which can make errors harder to diagnose.","recommendation","Generic catch clause.","/NCBI.Datasets.API/Services/TaxonomyService.cs","491","13","494","13"
"Generic catch clause","Catching all exceptions with a generic catch clause may be overly broad, which can make errors harder to diagnose.","recommendation","Generic catch clause.","/NCBI.Datasets.API/Services/TaxonomyService.cs","533","13","536","13"
"Generic catch clause","Catching all exceptions with a generic catch clause may be overly broad, which can make errors harder to diagnose.","recommendation","Generic catch clause.","/NCBI.Datasets.API/Services/TaxonomyService.cs","578","13","581","13"
"Generic catch clause","Catching all exceptions with a generic catch clause may be overly broad, which can make errors harder to diagnose.","recommendation","Generic catch clause.","/NCBI.Datasets.API/Services/TaxonomyService.cs","617","13","620","13"
"Generic catch clause","Catching all exceptions with a generic catch clause may be overly broad, which can make errors harder to diagnose.","recommendation","Generic catch clause.","/NCBI.Datasets.API/Services/VirusService.cs","73","9","77","9"
"Generic catch clause","Catching all exceptions with a generic catch clause may be overly broad, which can make errors harder to diagnose.","recommendation","Generic catch clause.","/NCBI.Datasets.API/Services/VirusService.cs","103","9","107","9"
"Generic catch clause","Catching all exceptions with a generic catch clause may be overly broad, which can make errors harder to diagnose.","recommendation","Generic catch clause.","/NCBI.Datasets.API/Services/VirusService.cs","146","9","150","9"
"Generic catch clause","Catching all exceptions with a generic catch clause may be overly broad, which can make errors harder to diagnose.","recommendation","Generic catch clause.","/NCBI.Datasets.API/Services/VirusService.cs","176","9","180","9"
"Generic catch clause","Catching all exceptions with a generic catch clause may be overly broad, which can make errors harder to diagnose.","recommendation","Generic catch clause.","/NCBI.Datasets.API/Services/VirusService.cs","233","9","237","9"
"Generic catch clause","Catching all exceptions with a generic catch clause may be overly broad, which can make errors harder to diagnose.","recommendation","Generic catch clause.","/NCBI.Datasets.API/Services/VirusService.cs","287","9","291","9"
"Generic catch clause","Catching all exceptions with a generic catch clause may be overly broad, which can make errors harder to diagnose.","recommendation","Generic catch clause.","/NCBI.Datasets.API/Services/VirusService.cs","345","9","349","9"
"Generic catch clause","Catching all exceptions with a generic catch clause may be overly broad, which can make errors harder to diagnose.","recommendation","Generic catch clause.","/NCBI.Datasets.API/Services/VirusService.cs","392","9","396","9"
"Generic catch clause","Catching all exceptions with a generic catch clause may be overly broad, which can make errors harder to diagnose.","recommendation","Generic catch clause.","/NCBI.Datasets.API/Services/VirusService.cs","422","9","426","9"
"Generic catch clause","Catching all exceptions with a generic catch clause may be overly broad, which can make errors harder to diagnose.","recommendation","Generic catch clause.","/NCBI.Datasets.API/Services/VirusService.cs","476","9","480","9"
"Generic catch clause","Catching all exceptions with a generic catch clause may be overly broad, which can make errors harder to diagnose.","recommendation","Generic catch clause.","/NCBI.Datasets.API/Services/VirusService.cs","519","9","523","9"
"Generic catch clause","Catching all exceptions with a generic catch clause may be overly broad, which can make errors harder to diagnose.","recommendation","Generic catch clause.","/NCBI.Datasets.API/Services/VirusService.cs","549","9","553","9"
"Generic catch clause","Catching all exceptions with a generic catch clause may be overly broad, which can make errors harder to diagnose.","recommendation","Generic catch clause.","/NCBI.Datasets.API/Services/VirusService.cs","584","9","588","9"
"Generic catch clause","Catching all exceptions with a generic catch clause may be overly broad, which can make errors harder to diagnose.","recommendation","Generic catch clause.","/NCBI.Datasets.API/Services/VirusService.cs","614","9","618","9"
"Generic catch clause","Catching all exceptions with a generic catch clause may be overly broad, which can make errors harder to diagnose.","recommendation","Generic catch clause.","/NCBI.Datasets.API/Services/VirusService.cs","671","9","675","9"
"Generic catch clause","Catching all exceptions with a generic catch clause may be overly broad, which can make errors harder to diagnose.","recommendation","Generic catch clause.","/NCBI.Datasets.API/Services/VirusService.cs","717","9","721","9"
"Generic catch clause","Catching all exceptions with a generic catch clause may be overly broad, which can make errors harder to diagnose.","recommendation","Generic catch clause.","/NCBI.Datasets.API/Services/VirusService.cs","746","9","750","9"
"Generic catch clause","Catching all exceptions with a generic catch clause may be overly broad, which can make errors harder to diagnose.","recommendation","Generic catch clause.","/NCBI.Datasets.API/Services/VirusService.cs","800","9","804","9"
"Generic catch clause","Catching all exceptions with a generic catch clause may be overly broad, which can make errors harder to diagnose.","recommendation","Generic catch clause.","/NCBI.Datasets.API/Services/VirusService.cs","829","9","833","9"
"Generic catch clause","Catching all exceptions with a generic catch clause may be overly broad, which can make errors harder to diagnose.","recommendation","Generic catch clause.","/NCBI.Datasets.API.Tests/Integration/ApiConnectivityTests.cs","54","9","59","9"
"Generic catch clause","Catching all exceptions with a generic catch clause may be overly broad, which can make errors harder to diagnose.","recommendation","Generic catch clause.","/NCBI.Datasets.API.Tests/Integration/ApiConnectivityTests.cs","99","9","104","9"
"Generic catch clause","Catching all exceptions with a generic catch clause may be overly broad, which can make errors harder to diagnose.","recommendation","Generic catch clause.","/Ribosoft/Blast/Blaster.cs","260","13","263","13"
"Generic catch clause","Catching all exceptions with a generic catch clause may be overly broad, which can make errors harder to diagnose.","recommendation","Generic catch clause.","/Ribosoft/Blast/Blaster.cs","350","13","353","13"
"Generic catch clause","Catching all exceptions with a generic catch clause may be overly broad, which can make errors harder to diagnose.","recommendation","Generic catch clause.","/Ribosoft/Controllers/AccountController.cs","344","13","348","13"
"Generic catch clause","Catching all exceptions with a generic catch clause may be overly broad, which can make errors harder to diagnose.","recommendation","Generic catch clause.","/Ribosoft/Controllers/AdminController.cs","155","13","160","13"
"Generic catch clause","Catching all exceptions with a generic catch clause may be overly broad, which can make errors harder to diagnose.","recommendation","Generic catch clause.","/Ribosoft/Controllers/AdminController.cs","210","13","214","13"
"Generic catch clause","Catching all exceptions with a generic catch clause may be overly broad, which can make errors harder to diagnose.","recommendation","Generic catch clause.","/Ribosoft/Controllers/AdminController.cs","340","13","344","13"
"Generic catch clause","Catching all exceptions with a generic catch clause may be overly broad, which can make errors harder to diagnose.","recommendation","Generic catch clause.","/Ribosoft/Controllers/AdminController.cs","402","13","406","13"
"Generic catch clause","Catching all exceptions with a generic catch clause may be overly broad, which can make errors harder to diagnose.","recommendation","Generic catch clause.","/Ribosoft/Controllers/AdminController.cs","447","13","451","13"
"Generic catch clause","Catching all exceptions with a generic catch clause may be overly broad, which can make errors harder to diagnose.","recommendation","Generic catch clause.","/Ribosoft/Controllers/AdminController.cs","559","13","563","13"
"Generic catch clause","Catching all exceptions with a generic catch clause may be overly broad, which can make errors harder to diagnose.","recommendation","Generic catch clause.","/Ribosoft/Controllers/AdminController.cs","518","17","522","17"
"Generic catch clause","Catching all exceptions with a generic catch clause may be overly broad, which can make errors harder to diagnose.","recommendation","Generic catch clause.","/Ribosoft/Controllers/AdminController.cs","660","13","676","13"
"Generic catch clause","Catching all exceptions with a generic catch clause may be overly broad, which can make errors harder to diagnose.","recommendation","Generic catch clause.","/Ribosoft/Controllers/AdminController.cs","776","13","780","13"
"Generic catch clause","Catching all exceptions with a generic catch clause may be overly broad, which can make errors harder to diagnose.","recommendation","Generic catch clause.","/Ribosoft/Controllers/AdminController.cs","832","13","836","13"
"Generic catch clause","Catching all exceptions with a generic catch clause may be overly broad, which can make errors harder to diagnose.","recommendation","Generic catch clause.","/Ribosoft/Controllers/AdminController.cs","851","13","854","13"
"Generic catch clause","Catching all exceptions with a generic catch clause may be overly broad, which can make errors harder to diagnose.","recommendation","Generic catch clause.","/Ribosoft/Controllers/AssembliesController.cs","141","13","146","13"
"Generic catch clause","Catching all exceptions with a generic catch clause may be overly broad, which can make errors harder to diagnose.","recommendation","Generic catch clause.","/Ribosoft/Controllers/AssembliesController.cs","174","13","183","13"
"Generic catch clause","Catching all exceptions with a generic catch clause may be overly broad, which can make errors harder to diagnose.","recommendation","Generic catch clause.","/Ribosoft/Controllers/AssembliesController.cs","223","13","228","13"
"Generic catch clause","Catching all exceptions with a generic catch clause may be overly broad, which can make errors harder to diagnose.","recommendation","Generic catch clause.","/Ribosoft/Controllers/AssembliesController.cs","251","13","256","13"
"Generic catch clause","Catching all exceptions with a generic catch clause may be overly broad, which can make errors harder to diagnose.","recommendation","Generic catch clause.","/Ribosoft/Controllers/AssembliesController.cs","280","13","284","13"
"Generic catch clause","Catching all exceptions with a generic catch clause may be overly broad, which can make errors harder to diagnose.","recommendation","Generic catch clause.","/Ribosoft/Controllers/AssembliesController.cs","316","13","320","13"
"Generic catch clause","Catching all exceptions with a generic catch clause may be overly broad, which can make errors harder to diagnose.","recommendation","Generic catch clause.","/Ribosoft/Controllers/AssembliesController.cs","339","13","343","13"
"Generic catch clause","Catching all exceptions with a generic catch clause may be overly broad, which can make errors harder to diagnose.","recommendation","Generic catch clause.","/Ribosoft/Controllers/AssembliesController.cs","362","13","366","13"
"Generic catch clause","Catching all exceptions with a generic catch clause may be overly broad, which can make errors harder to diagnose.","recommendation","Generic catch clause.","/Ribosoft/Controllers/AssembliesController.cs","389","13","396","13"
"Generic catch clause","Catching all exceptions with a generic catch clause may be overly broad, which can make errors harder to diagnose.","recommendation","Generic catch clause.","/Ribosoft/Controllers/AssembliesController.cs","418","13","422","13"
"Generic catch clause","Catching all exceptions with a generic catch clause may be overly broad, which can make errors harder to diagnose.","recommendation","Generic catch clause.","/Ribosoft/Controllers/AssembliesController.cs","456","13","460","13"
"Generic catch clause","Catching all exceptions with a generic catch clause may be overly broad, which can make errors harder to diagnose.","recommendation","Generic catch clause.","/Ribosoft/Controllers/AssembliesController.cs","549","13","553","13"
"Generic catch clause","Catching all exceptions with a generic catch clause may be overly broad, which can make errors harder to diagnose.","recommendation","Generic catch clause.","/Ribosoft/Controllers/AssembliesController.cs","508","21","515","21"
"Generic catch clause","Catching all exceptions with a generic catch clause may be overly broad, which can make errors harder to diagnose.","recommendation","Generic catch clause.","/Ribosoft/Controllers/AssembliesController.cs","572","13","576","13"
"Generic catch clause","Catching all exceptions with a generic catch clause may be overly broad, which can make errors harder to diagnose.","recommendation","Generic catch clause.","/Ribosoft/Controllers/AssembliesController.cs","708","13","712","13"
"Generic catch clause","Catching all exceptions with a generic catch clause may be overly broad, which can make errors harder to diagnose.","recommendation","Generic catch clause.","/Ribosoft/Controllers/JobsController.cs","464","13","468","13"
"Generic catch clause","Catching all exceptions with a generic catch clause may be overly broad, which can make errors harder to diagnose.","recommendation","Generic catch clause.","/Ribosoft/Controllers/JobsController.cs","514","13","518","13"
"Generic catch clause","Catching all exceptions with a generic catch clause may be overly broad, which can make errors harder to diagnose.","recommendation","Generic catch clause.","/Ribosoft/Controllers/ManageController.cs","196","13","200","13"
"Generic catch clause","Catching all exceptions with a generic catch clause may be overly broad, which can make errors harder to diagnose.","recommendation","Generic catch clause.","/Ribosoft/Controllers/ManageController.cs","713","13","717","13"
"Generic catch clause","Catching all exceptions with a generic catch clause may be overly broad, which can make errors harder to diagnose.","recommendation","Generic catch clause.","/Ribosoft/Controllers/ManageController.cs","762","13","766","13"
"Generic catch clause","Catching all exceptions with a generic catch clause may be overly broad, which can make errors harder to diagnose.","recommendation","Generic catch clause.","/Ribosoft/Controllers/RequestController.cs","183","13","186","13"
"Generic catch clause","Catching all exceptions with a generic catch clause may be overly broad, which can make errors harder to diagnose.","recommendation","Generic catch clause.","/Ribosoft/Controllers/RibozymesController.cs","236","13","241","13"
"Generic catch clause","Catching all exceptions with a generic catch clause may be overly broad, which can make errors harder to diagnose.","recommendation","Generic catch clause.","/Ribosoft/GenbankRequests/GenbankRequests.cs","58","13","61","13"
"Generic catch clause","Catching all exceptions with a generic catch clause may be overly broad, which can make errors harder to diagnose.","recommendation","Generic catch clause.","/Ribosoft/GenbankRequests/GenbankRequests.cs","94","13","97","13"
"Generic catch clause","Catching all exceptions with a generic catch clause may be overly broad, which can make errors harder to diagnose.","recommendation","Generic catch clause.","/Ribosoft/GenbankRequests/GenbankRequests.cs","185","13","188","13"
"Generic catch clause","Catching all exceptions with a generic catch clause may be overly broad, which can make errors harder to diagnose.","recommendation","Generic catch clause.","/Ribosoft/Jobs/CreateBlastDatabaseJob.cs","160","21","163","21"
"Generic catch clause","Catching all exceptions with a generic catch clause may be overly broad, which can make errors harder to diagnose.","recommendation","Generic catch clause.","/Ribosoft/Jobs/CreateBlastDatabaseJob.cs","178","21","181","21"
"Generic catch clause","Catching all exceptions with a generic catch clause may be overly broad, which can make errors harder to diagnose.","recommendation","Generic catch clause.","/Ribosoft/Jobs/CreateBlastDatabaseJob.cs","340","13","343","13"
"Generic catch clause","Catching all exceptions with a generic catch clause may be overly broad, which can make errors harder to diagnose.","recommendation","Generic catch clause.","/Ribosoft/Jobs/CreateBlastDatabaseJob.cs","620","13","624","13"
"Generic catch clause","Catching all exceptions with a generic catch clause may be overly broad, which can make errors harder to diagnose.","recommendation","Generic catch clause.","/Ribosoft/Jobs/DatasetDownloadJob.cs","264","21","269","21"
"Generic catch clause","Catching all exceptions with a generic catch clause may be overly broad, which can make errors harder to diagnose.","recommendation","Generic catch clause.","/Ribosoft/Jobs/DatasetDownloadJob.cs","292","17","297","17"
"Generic catch clause","Catching all exceptions with a generic catch clause may be overly broad, which can make errors harder to diagnose.","recommendation","Generic catch clause.","/Ribosoft/Jobs/DatasetDownloadJob.cs","412","13","415","13"
"Generic catch clause","Catching all exceptions with a generic catch clause may be overly broad, which can make errors harder to diagnose.","recommendation","Generic catch clause.","/Ribosoft/Jobs/DatasetDownloadJob.cs","379","21","382","21"
"Generic catch clause","Catching all exceptions with a generic catch clause may be overly broad, which can make errors harder to diagnose.","recommendation","Generic catch clause.","/Ribosoft/Jobs/DatasetDownloadJob.cs","397","17","400","17"
"Generic catch clause","Catching all exceptions with a generic catch clause may be overly broad, which can make errors harder to diagnose.","recommendation","Generic catch clause.","/Ribosoft/Middleware/RequestLoggingMiddleware.cs","111","13","114","13"
"Generic catch clause","Catching all exceptions with a generic catch clause may be overly broad, which can make errors harder to diagnose.","recommendation","Generic catch clause.","/Ribosoft/Services/ActivityLogService.cs","103","13","107","13"
"Generic catch clause","Catching all exceptions with a generic catch clause may be overly broad, which can make errors harder to diagnose.","recommendation","Generic catch clause.","/Ribosoft/Services/DatasetDownloadService.cs","240","13","245","13"
"Generic catch clause","Catching all exceptions with a generic catch clause may be overly broad, which can make errors harder to diagnose.","recommendation","Generic catch clause.","/Ribosoft/Services/DatasetDownloadService.cs","168","37","171","37"
"Generic catch clause","Catching all exceptions with a generic catch clause may be overly broad, which can make errors harder to diagnose.","recommendation","Generic catch clause.","/Ribosoft/Services/DatasetDownloadService.cs","231","21","234","21"
"Generic catch clause","Catching all exceptions with a generic catch clause may be overly broad, which can make errors harder to diagnose.","recommendation","Generic catch clause.","/Ribosoft/Services/DatasetDownloadService.cs","319","13","323","13"
"Generic catch clause","Catching all exceptions with a generic catch clause may be overly broad, which can make errors harder to diagnose.","recommendation","Generic catch clause.","/Ribosoft/Services/DatasetDownloadService.cs","362","13","366","13"
"Generic catch clause","Catching all exceptions with a generic catch clause may be overly broad, which can make errors harder to diagnose.","recommendation","Generic catch clause.","/Ribosoft/Services/DatasetDownloadService.cs","536","13","540","13"
"Generic catch clause","Catching all exceptions with a generic catch clause may be overly broad, which can make errors harder to diagnose.","recommendation","Generic catch clause.","/Ribosoft/Services/MailgunEmailSender.cs","160","13","170","13"
"Missed 'readonly' opportunity","A private field where all assignments occur as part of the declaration or in a constructor in the same class can be 'readonly'.","recommendation","Field 'NodesAtDepthSequence' can be 'readonly'.","/Ribosoft/CandidateGeneration/CandidateGeneration.cs","75","34","75","53"
"Missed 'readonly' opportunity","A private field where all assignments occur as part of the declaration or in a constructor in the same class can be 'readonly'.","recommendation","Field 'NodesAtDepthCutSite' can be 'readonly'.","/Ribosoft/CandidateGeneration/CandidateGeneration.cs","80","34","80","52"
"Missed 'readonly' opportunity","A private field where all assignments occur as part of the declaration or in a constructor in the same class can be 'readonly'.","recommendation","Field 'eUtilsHostString' can be 'readonly'.","/Ribosoft/GenbankRequests/GenbankRequests.cs","30","31","30","46"
"Missed 'readonly' opportunity","A private field where all assignments occur as part of the declaration or in a constructor in the same class can be 'readonly'.","recommendation","Field 'genbankHostString' can be 'readonly'.","/Ribosoft/GenbankRequests/GenbankRequests.cs","35","31","35","47"
"Missed 'readonly' opportunity","A private field where all assignments occur as part of the declaration or in a constructor in the same class can be 'readonly'.","recommendation","Field '_pattern' can be 'readonly'.","/Ribosoft/ValidationAttributes/NucleotidesAttribute.cs","16","24","16","31"
"Missed 'readonly' opportunity","A private field where all assignments occur as part of the declaration or in a constructor in the same class can be 'readonly'.","recommendation","Field '_errorMessage' can be 'readonly'.","/Ribosoft/ValidationAttributes/OpenReadingFrameStartAttribute.cs","17","24","17","36"
"Missed 'readonly' opportunity","A private field where all assignments occur as part of the declaration or in a constructor in the same class can be 'readonly'.","recommendation","Field '_maxRepeats' can be 'readonly'.","/Ribosoft/ValidationAttributes/RepeatNotationsAttribute.cs","16","21","16","31"
"Missed 'readonly' opportunity","A private field where all assignments occur as part of the declaration or in a constructor in the same class can be 'readonly'.","recommendation","Field '_repeatNotations' can be 'readonly'.","/Ribosoft/ValidationAttributes/RepeatNotationsAttribute.cs","21","24","21","39"
"Missed 'readonly' opportunity","A private field where all assignments occur as part of the declaration or in a constructor in the same class can be 'readonly'.","recommendation","Field '_errorMessage' can be 'readonly'.","/Ribosoft/ValidationAttributes/UniqueAlphaNumericStructureAttribute.cs","24","24","24","36"
"Missed 'readonly' opportunity","A private field where all assignments occur as part of the declaration or in a constructor in the same class can be 'readonly'.","recommendation","Field '_errorMessage' can be 'readonly'.","/Ribosoft/ValidationAttributes/ValidateRequestAttribute.cs","22","24","22","36"
"Missed 'readonly' opportunity","A private field where all assignments occur as part of the declaration or in a constructor in the same class can be 'readonly'.","recommendation","Field '_errorMessage' can be 'readonly'.","/Ribosoft/ValidationAttributes/ValidateRibozymeStructureAttribute.cs","24","24","24","36"
"Missed 'readonly' opportunity","A private field where all assignments occur as part of the declaration or in a constructor in the same class can be 'readonly'.","recommendation","Field '__tagHelperRunner' can be 'readonly'.","/Ribosoft/obj/Debug/net8.0/generated/Microsoft.NET.Sdk.Razor.SourceGenerators/Microsoft.NET.Sdk.Razor.SourceGenerators.RazorSourceGenerator/Views_Account_ConfirmEmail_cshtml.g.cs","62","87","62","103"
"Missed 'readonly' opportunity","A private field where all assignments occur as part of the declaration or in a constructor in the same class can be 'readonly'.","recommendation","Field '__tagHelperRunner' can be 'readonly'.","/Ribosoft/obj/Debug/net8.0/generated/Microsoft.NET.Sdk.Razor.SourceGenerators/Microsoft.NET.Sdk.Razor.SourceGenerators.RazorSourceGenerator/Views_Account_ForgotPasswordConfirmation_cshtml.g.cs","64","87","64","103"
"Missed 'readonly' opportunity","A private field where all assignments occur as part of the declaration or in a constructor in the same class can be 'readonly'.","recommendation","Field '__tagHelperRunner' can be 'readonly'.","/Ribosoft/obj/Debug/net8.0/generated/Microsoft.NET.Sdk.Razor.SourceGenerators/Microsoft.NET.Sdk.Razor.SourceGenerators.RazorSourceGenerator/Views_Account_ForgotPassword_cshtml.g.cs","75","87","75","103"
"Missed 'readonly' opportunity","A private field where all assignments occur as part of the declaration or in a constructor in the same class can be 'readonly'.","recommendation","Field '__tagHelperRunner' can be 'readonly'.","/Ribosoft/obj/Debug/net8.0/generated/Microsoft.NET.Sdk.Razor.SourceGenerators/Microsoft.NET.Sdk.Razor.SourceGenerators.RazorSourceGenerator/Views_Account_LoginWith2fa_cshtml.g.cs","80","87","80","103"
"Missed 'readonly' opportunity","A private field where all assignments occur as part of the declaration or in a constructor in the same class can be 'readonly'.","recommendation","Field '__tagHelperRunner' can be 'readonly'.","/Ribosoft/obj/Debug/net8.0/generated/Microsoft.NET.Sdk.Razor.SourceGenerators/Microsoft.NET.Sdk.Razor.SourceGenerators.RazorSourceGenerator/Views_Account_LoginWithRecoveryCode_cshtml.g.cs","74","87","74","103"
"Missed 'readonly' opportunity","A private field where all assignments occur as part of the declaration or in a constructor in the same class can be 'readonly'.","recommendation","Field '__tagHelperRunner' can be 'readonly'.","/Ribosoft/obj/Debug/net8.0/generated/Microsoft.NET.Sdk.Razor.SourceGenerators/Microsoft.NET.Sdk.Razor.SourceGenerators.RazorSourceGenerator/Views_Account_Login_cshtml.g.cs","104","87","104","103"
"Missed 'readonly' opportunity","A private field where all assignments occur as part of the declaration or in a constructor in the same class can be 'readonly'.","recommendation","Field '__tagHelperRunner' can be 'readonly'.","/Ribosoft/obj/Debug/net8.0/generated/Microsoft.NET.Sdk.Razor.SourceGenerators/Microsoft.NET.Sdk.Razor.SourceGenerators.RazorSourceGenerator/Views_Account_Register_cshtml.g.cs","79","87","79","103"
"Missed 'readonly' opportunity","A private field where all assignments occur as part of the declaration or in a constructor in the same class can be 'readonly'.","recommendation","Field '__tagHelperRunner' can be 'readonly'.","/Ribosoft/obj/Debug/net8.0/generated/Microsoft.NET.Sdk.Razor.SourceGenerators/Microsoft.NET.Sdk.Razor.SourceGenerators.RazorSourceGenerator/Views_Account_ResetPasswordConfirmation_cshtml.g.cs","62","87","62","103"
"Missed 'readonly' opportunity","A private field where all assignments occur as part of the declaration or in a constructor in the same class can be 'readonly'.","recommendation","Field '__tagHelperRunner' can be 'readonly'.","/Ribosoft/obj/Debug/net8.0/generated/Microsoft.NET.Sdk.Razor.SourceGenerators/Microsoft.NET.Sdk.Razor.SourceGenerators.RazorSourceGenerator/Views_Account_ResetPassword_cshtml.g.cs","75","87","75","103"
"Missed 'readonly' opportunity","A private field where all assignments occur as part of the declaration or in a constructor in the same class can be 'readonly'.","recommendation","Field '__tagHelperRunner' can be 'readonly'.","/Ribosoft/obj/Debug/net8.0/generated/Microsoft.NET.Sdk.Razor.SourceGenerators/Microsoft.NET.Sdk.Razor.SourceGenerators.RazorSourceGenerator/Views_Admin_Index_cshtml.g.cs","63","87","63","103"
"Missed 'readonly' opportunity","A private field where all assignments occur as part of the declaration or in a constructor in the same class can be 'readonly'.","recommendation","Field '__tagHelperRunner' can be 'readonly'.","/Ribosoft/obj/Debug/net8.0/generated/Microsoft.NET.Sdk.Razor.SourceGenerators/Microsoft.NET.Sdk.Razor.SourceGenerators.RazorSourceGenerator/Views_Admin__EditRolesModal_cshtml.g.cs","64","87","64","103"
"Missed 'readonly' opportunity","A private field where all assignments occur as part of the declaration or in a constructor in the same class can be 'readonly'.","recommendation","Field '__tagHelperRunner' can be 'readonly'.","/Ribosoft/obj/Debug/net8.0/generated/Microsoft.NET.Sdk.Razor.SourceGenerators/Microsoft.NET.Sdk.Razor.SourceGenerators.RazorSourceGenerator/Views_Admin__Layout_cshtml.g.cs","64","87","64","103"
"Missed 'readonly' opportunity","A private field where all assignments occur as part of the declaration or in a constructor in the same class can be 'readonly'.","recommendation","Field '__tagHelperRunner' can be 'readonly'.","/Ribosoft/obj/Debug/net8.0/generated/Microsoft.NET.Sdk.Razor.SourceGenerators/Microsoft.NET.Sdk.Razor.SourceGenerators.RazorSourceGenerator/Views_Assemblies_BrowseDatasets_cshtml.g.cs","78","87","78","103"
"Missed 'readonly' opportunity","A private field where all assignments occur as part of the declaration or in a constructor in the same class can be 'readonly'.","recommendation","Field '__tagHelperRunner' can be 'readonly'.","/Ribosoft/obj/Debug/net8.0/generated/Microsoft.NET.Sdk.Razor.SourceGenerators/Microsoft.NET.Sdk.Razor.SourceGenerators.RazorSourceGenerator/Views_Assemblies_Downloads_cshtml.g.cs","71","87","71","103"
"Missed 'readonly' opportunity","A private field where all assignments occur as part of the declaration or in a constructor in the same class can be 'readonly'.","recommendation","Field '__tagHelperRunner' can be 'readonly'.","/Ribosoft/obj/Debug/net8.0/generated/Microsoft.NET.Sdk.Razor.SourceGenerators/Microsoft.NET.Sdk.Razor.SourceGenerators.RazorSourceGenerator/Views_Assemblies_Index_cshtml.g.cs","68","87","68","103"
"Missed 'readonly' opportunity","A private field where all assignments occur as part of the declaration or in a constructor in the same class can be 'readonly'.","recommendation","Field '__tagHelperRunner' can be 'readonly'.","/Ribosoft/obj/Debug/net8.0/generated/Microsoft.NET.Sdk.Razor.SourceGenerators/Microsoft.NET.Sdk.Razor.SourceGenerators.RazorSourceGenerator/Views_Assemblies__DatasetResults_cshtml.g.cs","63","87","63","103"
"Missed 'readonly' opportunity","A private field where all assignments occur as part of the declaration or in a constructor in the same class can be 'readonly'.","recommendation","Field '__tagHelperRunner' can be 'readonly'.","/Ribosoft/obj/Debug/net8.0/generated/Microsoft.NET.Sdk.Razor.SourceGenerators/Microsoft.NET.Sdk.Razor.SourceGenerators.RazorSourceGenerator/Views_Assemblies__DownloadsTable_cshtml.g.cs","69","87","69","103"
"Missed 'readonly' opportunity","A private field where all assignments occur as part of the declaration or in a constructor in the same class can be 'readonly'.","recommendation","Field '__tagHelperRunner' can be 'readonly'.","/Ribosoft/obj/Debug/net8.0/generated/Microsoft.NET.Sdk.Razor.SourceGenerators/Microsoft.NET.Sdk.Razor.SourceGenerators.RazorSourceGenerator/Views_Jobs_Details_cshtml.g.cs","73","87","73","103"
"Missed 'readonly' opportunity","A private field where all assignments occur as part of the declaration or in a constructor in the same class can be 'readonly'.","recommendation","Field '__tagHelperRunner' can be 'readonly'.","/Ribosoft/obj/Debug/net8.0/generated/Microsoft.NET.Sdk.Razor.SourceGenerators/Microsoft.NET.Sdk.Razor.SourceGenerators.RazorSourceGenerator/Views_Jobs_Index_cshtml.g.cs","93","87","93","103"
"Missed 'readonly' opportunity","A private field where all assignments occur as part of the declaration or in a constructor in the same class can be 'readonly'.","recommendation","Field '__tagHelperRunner' can be 'readonly'.","/Ribosoft/obj/Debug/net8.0/generated/Microsoft.NET.Sdk.Razor.SourceGenerators/Microsoft.NET.Sdk.Razor.SourceGenerators.RazorSourceGenerator/Views_Manage_ChangePassword_cshtml.g.cs","84","87","84","103"
"Missed 'readonly' opportunity","A private field where all assignments occur as part of the declaration or in a constructor in the same class can be 'readonly'.","recommendation","Field '__tagHelperRunner' can be 'readonly'.","/Ribosoft/obj/Debug/net8.0/generated/Microsoft.NET.Sdk.Razor.SourceGenerators/Microsoft.NET.Sdk.Razor.SourceGenerators.RazorSourceGenerator/Views_Manage_Index_cshtml.g.cs","82","87","82","103"
"Missed 'readonly' opportunity","A private field where all assignments occur as part of the declaration or in a constructor in the same class can be 'readonly'.","recommendation","Field '__tagHelperRunner' can be 'readonly'.","/Ribosoft/obj/Debug/net8.0/generated/Microsoft.NET.Sdk.Razor.SourceGenerators/Microsoft.NET.Sdk.Razor.SourceGenerators.RazorSourceGenerator/Views_Manage_TwoFactorAuthentication_cshtml.g.cs","68","87","68","103"
"Missed 'readonly' opportunity","A private field where all assignments occur as part of the declaration or in a constructor in the same class can be 'readonly'.","recommendation","Field '__tagHelperRunner' can be 'readonly'.","/Ribosoft/obj/Debug/net8.0/generated/Microsoft.NET.Sdk.Razor.SourceGenerators/Microsoft.NET.Sdk.Razor.SourceGenerators.RazorSourceGenerator/Views_Manage__Layout_cshtml.g.cs","72","87","72","103"
"Missed 'readonly' opportunity","A private field where all assignments occur as part of the declaration or in a constructor in the same class can be 'readonly'.","recommendation","Field '__tagHelperRunner' can be 'readonly'.","/Ribosoft/obj/Debug/net8.0/generated/Microsoft.NET.Sdk.Razor.SourceGenerators/Microsoft.NET.Sdk.Razor.SourceGenerators.RazorSourceGenerator/Views_Request_Index_cshtml.g.cs","105","87","105","103"
"Missed 'readonly' opportunity","A private field where all assignments occur as part of the declaration or in a constructor in the same class can be 'readonly'.","recommendation","Field '__tagHelperRunner' can be 'readonly'.","/Ribosoft/obj/Debug/net8.0/generated/Microsoft.NET.Sdk.Razor.SourceGenerators/Microsoft.NET.Sdk.Razor.SourceGenerators.RazorSourceGenerator/Views_RibozymeStructures_Create_cshtml.g.cs","68","87","68","103"
"Missed 'readonly' opportunity","A private field where all assignments occur as part of the declaration or in a constructor in the same class can be 'readonly'.","recommendation","Field '__tagHelperRunner' can be 'readonly'.","/Ribosoft/obj/Debug/net8.0/generated/Microsoft.NET.Sdk.Razor.SourceGenerators/Microsoft.NET.Sdk.Razor.SourceGenerators.RazorSourceGenerator/Views_RibozymeStructures_Edit_cshtml.g.cs","70","87","70","103"
"Missed 'readonly' opportunity","A private field where all assignments occur as part of the declaration or in a constructor in the same class can be 'readonly'.","recommendation","Field '__tagHelperRunner' can be 'readonly'.","/Ribosoft/obj/Debug/net8.0/generated/Microsoft.NET.Sdk.Razor.SourceGenerators/Microsoft.NET.Sdk.Razor.SourceGenerators.RazorSourceGenerator/Views_Ribozymes_Create_cshtml.g.cs","68","87","68","103"
"Missed 'readonly' opportunity","A private field where all assignments occur as part of the declaration or in a constructor in the same class can be 'readonly'.","recommendation","Field '__tagHelperRunner' can be 'readonly'.","/Ribosoft/obj/Debug/net8.0/generated/Microsoft.NET.Sdk.Razor.SourceGenerators/Microsoft.NET.Sdk.Razor.SourceGenerators.RazorSourceGenerator/Views_Ribozymes_Delete_cshtml.g.cs","66","87","66","103"
"Missed 'readonly' opportunity","A private field where all assignments occur as part of the declaration or in a constructor in the same class can be 'readonly'.","recommendation","Field '__tagHelperRunner' can be 'readonly'.","/Ribosoft/obj/Debug/net8.0/generated/Microsoft.NET.Sdk.Razor.SourceGenerators/Microsoft.NET.Sdk.Razor.SourceGenerators.RazorSourceGenerator/Views_Ribozymes_Details_cshtml.g.cs","71","87","71","103"
"Missed 'readonly' opportunity","A private field where all assignments occur as part of the declaration or in a constructor in the same class can be 'readonly'.","recommendation","Field '__tagHelperRunner' can be 'readonly'.","/Ribosoft/obj/Debug/net8.0/generated/Microsoft.NET.Sdk.Razor.SourceGenerators/Microsoft.NET.Sdk.Razor.SourceGenerators.RazorSourceGenerator/Views_Ribozymes_Edit_cshtml.g.cs","73","87","73","103"
"Missed 'readonly' opportunity","A private field where all assignments occur as part of the declaration or in a constructor in the same class can be 'readonly'.","recommendation","Field '__tagHelperRunner' can be 'readonly'.","/Ribosoft/obj/Debug/net8.0/generated/Microsoft.NET.Sdk.Razor.SourceGenerators/Microsoft.NET.Sdk.Razor.SourceGenerators.RazorSourceGenerator/Views_Ribozymes_Index_cshtml.g.cs","68","87","68","103"
"Missed 'readonly' opportunity","A private field where all assignments occur as part of the declaration or in a constructor in the same class can be 'readonly'.","recommendation","Field '__tagHelperRunner' can be 'readonly'.","/Ribosoft/obj/Debug/net8.0/generated/Microsoft.NET.Sdk.Razor.SourceGenerators/Microsoft.NET.Sdk.Razor.SourceGenerators.RazorSourceGenerator/Views_Shared_DisplayTemplates_RibozymeStructure_cshtml.g.cs","64","87","64","103"
"Missed 'readonly' opportunity","A private field where all assignments occur as part of the declaration or in a constructor in the same class can be 'readonly'.","recommendation","Field '__tagHelperRunner' can be 'readonly'.","/Ribosoft/obj/Debug/net8.0/generated/Microsoft.NET.Sdk.Razor.SourceGenerators/Microsoft.NET.Sdk.Razor.SourceGenerators.RazorSourceGenerator/Views_Shared_EditorTemplates_RibozymeStructure_cshtml.g.cs","74","87","74","103"
"Missed 'readonly' opportunity","A private field where all assignments occur as part of the declaration or in a constructor in the same class can be 'readonly'.","recommendation","Field '__tagHelperRunner' can be 'readonly'.","/Ribosoft/obj/Debug/net8.0/generated/Microsoft.NET.Sdk.Razor.SourceGenerators/Microsoft.NET.Sdk.Razor.SourceGenerators.RazorSourceGenerator/Views_Shared__Layout_cshtml.g.cs","81","87","81","103"
"Missed 'readonly' opportunity","A private field where all assignments occur as part of the declaration or in a constructor in the same class can be 'readonly'.","recommendation","Field '__tagHelperRunner' can be 'readonly'.","/Ribosoft/obj/Debug/net8.0/generated/Microsoft.NET.Sdk.Razor.SourceGenerators/Microsoft.NET.Sdk.Razor.SourceGenerators.RazorSourceGenerator/Views_Shared__LoginPartial_cshtml.g.cs","72","87","72","103"
"Useless upcast","Casting an expression is normally not needed when there exists an implicit conversion.","warning","There is no need to upcast from [[""Dictionary<String,String>""|""file:///usr/lib/dotnet/packs/Microsoft.NETCore.App.Ref/8.0.17/ref/net8.0/System.Collections.dll:0:0:0:0""]] to [[""IDictionary<String,String>""|""file:///usr/lib/dotnet/packs/Microsoft.NETCore.App.Ref/8.0.17/ref/net8.0/System.Runtime.dll:0:0:0:0""]] - the conversion can be done implicitly.","/Ribosoft/Extensions/HtmlHelperExtensions.cs","33","25","34","89"
"Useless upcast","Casting an expression is normally not needed when there exists an implicit conversion.","warning","There is no need to upcast from [[""dynamic""|""file:///usr/lib/dotnet/packs/Microsoft.NETCore.App.Ref/8.0.17/ref/net8.0/System.Runtime.dll:0:0:0:0""]] to [[""String""|""file:///usr/lib/dotnet/packs/Microsoft.NETCore.App.Ref/8.0.17/ref/net8.0/System.Runtime.dll:0:0:0:0""]] - the conversion can be done implicitly.","/Ribosoft/Views/Assemblies/BrowseDatasets.cshtml","183","55","183","82"
"Useless upcast","Casting an expression is normally not needed when there exists an implicit conversion.","warning","There is no need to upcast from [[""dynamic""|""file:///usr/lib/dotnet/packs/Microsoft.NETCore.App.Ref/8.0.17/ref/net8.0/System.Runtime.dll:0:0:0:0""]] to [[""String""|""file:///usr/lib/dotnet/packs/Microsoft.NETCore.App.Ref/8.0.17/ref/net8.0/System.Runtime.dll:0:0:0:0""]] - the conversion can be done implicitly.","/Ribosoft/Views/Assemblies/BrowseDatasets.cshtml","374","51","374","78"
"Useless upcast","Casting an expression is normally not needed when there exists an implicit conversion.","warning","There is no need to upcast from [[""dynamic""|""file:///usr/lib/dotnet/packs/Microsoft.NETCore.App.Ref/8.0.17/ref/net8.0/System.Runtime.dll:0:0:0:0""]] to [[""List<DatasetDownload>""|""file:///usr/lib/dotnet/packs/Microsoft.NETCore.App.Ref/8.0.17/ref/net8.0/System.Collections.dll:0:0:0:0""]] - the conversion can be done implicitly.","/Ribosoft/Views/Assemblies/Index.cshtml","73","56","73","117"
"Useless upcast","Casting an expression is normally not needed when there exists an implicit conversion.","warning","There is no need to upcast from [[""dynamic""|""file:///usr/lib/dotnet/packs/Microsoft.NETCore.App.Ref/8.0.17/ref/net8.0/System.Runtime.dll:0:0:0:0""]] to [[""List<DatasetDownload>""|""file:///usr/lib/dotnet/packs/Microsoft.NETCore.App.Ref/8.0.17/ref/net8.0/System.Collections.dll:0:0:0:0""]] - the conversion can be done implicitly.","/Ribosoft/Views/Assemblies/Index.cshtml","56","46","56","107"
"Useless upcast","Casting an expression is normally not needed when there exists an implicit conversion.","warning","There is no need to upcast from [[""Task<Int32>""|""file:///usr/lib/dotnet/packs/Microsoft.NETCore.App.Ref/8.0.17/ref/net8.0/System.Runtime.dll:0:0:0:0""]] to [[""Object""|""file:///usr/lib/dotnet/packs/Microsoft.NETCore.App.Ref/8.0.17/ref/net8.0/System.Runtime.dll:0:0:0:0""]] - the conversion can be done implicitly.","/Ribosoft.Tests/Controllers/AdminControllerTests.cs","68","37","68","66"
"Useless upcast","Casting an expression is normally not needed when there exists an implicit conversion.","warning","There is no need to upcast from [[""Task<Int32>""|""file:///usr/lib/dotnet/packs/Microsoft.NETCore.App.Ref/8.0.17/ref/net8.0/System.Runtime.dll:0:0:0:0""]] to [[""Object""|""file:///usr/lib/dotnet/packs/Microsoft.NETCore.App.Ref/8.0.17/ref/net8.0/System.Runtime.dll:0:0:0:0""]] - the conversion can be done implicitly.","/Ribosoft.Tests/Controllers/AdminControllerTests.cs","73","33","73","75"
"Useless upcast","Casting an expression is normally not needed when there exists an implicit conversion.","warning","There is no need to upcast from [[""null""|""file:///:0:0:0:0""]] to [[""ApplicationUser""|""relative:///Ribosoft/Models/ApplicationUser.cs:12:18:12:32""]] - the conversion can be done implicitly.","/Ribosoft.Tests/Controllers/AdminControllerTests.cs","304","82","304","103"
"Useless upcast","Casting an expression is normally not needed when there exists an implicit conversion.","warning","There is no need to upcast from [[""null""|""file:///:0:0:0:0""]] to [[""ApplicationUser""|""relative:///Ribosoft/Models/ApplicationUser.cs:12:18:12:32""]] - the conversion can be done implicitly.","/Ribosoft.Tests/Controllers/AdminControllerTests.cs","427","82","427","103"
